<metadata xml:lang="es"><Esri><CreaDate>20150922</CreaDate><CreaTime>08245900</CreaTime><ArcGISFormat>1.0</ArcGISFormat><ArcGISstyle>FGDC CSDGM Metadata</ArcGISstyle><SyncOnce>FALSE</SyncOnce><DataProperties><lineage><Process ToolSource="c:\arcgis\desktop10.4\ArcToolbox\Toolboxes\Data Management Tools.tbx\TruncateTable" Date="20170328" Time="081901">TruncateTable D:\Contenedor\Users\mbernate\Desktop\MR\MR_0317.gdb\Entidad_Territorial\Loca</Process><Process ToolSource="c:\arcgis\desktop10.4\ArcToolbox\Toolboxes\Data Management Tools.tbx\Append" Date="20170328" Time="082140">Append D:\Contenedor\Users\mbernate\Desktop\MR\SDP\Entidad_Territorial_y_Unidad_Administrativa_mgn.gdb\ENTIDAD_TERRITORIAL\Localidad Loca NO_TEST "LocNombre "Nombre de la localidad" true true false 50 Text 0 0 ,First,#,D:\Contenedor\Users\mbernate\Desktop\MR\SDP\Entidad_Territorial_y_Unidad_Administrativa_mgn.gdb\ENTIDAD_TERRITORIAL\Localidad,LocNombre,-1,-1;LocAAdmini "Acto administrativo de la localidad" true true false 50 Text 0 0 ,First,#,D:\Contenedor\Users\mbernate\Desktop\MR\SDP\Entidad_Territorial_y_Unidad_Administrativa_mgn.gdb\ENTIDAD_TERRITORIAL\Localidad,LocAAdmini,-1,-1;LocArea "Area de la localidad" true true false 8 Double 0 0 ,First,#,D:\Contenedor\Users\mbernate\Desktop\MR\SDP\Entidad_Territorial_y_Unidad_Administrativa_mgn.gdb\ENTIDAD_TERRITORIAL\Localidad,LocArea,-1,-1;LocCodigo "Identificador unico de la localidad" true true false 2 Text 0 0 ,First,#,D:\Contenedor\Users\mbernate\Desktop\MR\SDP\Entidad_Territorial_y_Unidad_Administrativa_mgn.gdb\ENTIDAD_TERRITORIAL\Localidad,LocCodigo,-1,-1;SHAPE_Length "SHAPE_Length" false true true 8 Double 0 0 ,First,#,D:\Contenedor\Users\mbernate\Desktop\MR\SDP\Entidad_Territorial_y_Unidad_Administrativa_mgn.gdb\ENTIDAD_TERRITORIAL\Localidad,SHAPE_Length,-1,-1;SHAPE_Area "SHAPE_Area" false true true 8 Double 0 0 ,First,#,D:\Contenedor\Users\mbernate\Desktop\MR\SDP\Entidad_Territorial_y_Unidad_Administrativa_mgn.gdb\ENTIDAD_TERRITORIAL\Localidad,SHAPE_Area,-1,-1" #</Process><Process ToolSource="c:\arcgis\desktop10.4\ArcToolbox\Toolboxes\Data Management Tools.tbx\TruncateTable" Date="20170328" Time="090018">TruncateTable D:\Contenedor\Users\mbernate\Desktop\MR\MR_0317.gdb\Entidad_Territorial\Loca</Process><Process ToolSource="c:\arcgis\desktop10.4\ArcToolbox\Toolboxes\Data Management Tools.tbx\Append" Date="20170328" Time="090030">Append D:\Contenedor\Users\mbernate\Desktop\MR\SDP\Entidad_Territorial_y_Unidad_Administrativa_mgn.gdb\ENTIDAD_TERRITORIAL\Localidad Loca NO_TEST "LocNombre "Nombre de la localidad" true true false 50 Text 0 0 ,First,#,D:\Contenedor\Users\mbernate\Desktop\MR\SDP\Entidad_Territorial_y_Unidad_Administrativa_mgn.gdb\ENTIDAD_TERRITORIAL\Localidad,LocNombre,-1,-1;LocAAdmini "Acto administrativo de la localidad" true true false 50 Text 0 0 ,First,#,D:\Contenedor\Users\mbernate\Desktop\MR\SDP\Entidad_Territorial_y_Unidad_Administrativa_mgn.gdb\ENTIDAD_TERRITORIAL\Localidad,LocAAdmini,-1,-1;LocArea "Area de la localidad" true true false 8 Double 0 0 ,First,#,D:\Contenedor\Users\mbernate\Desktop\MR\SDP\Entidad_Territorial_y_Unidad_Administrativa_mgn.gdb\ENTIDAD_TERRITORIAL\Localidad,LocArea,-1,-1;LocCodigo "Identificador unico de la localidad" true true false 2 Text 0 0 ,First,#,D:\Contenedor\Users\mbernate\Desktop\MR\SDP\Entidad_Territorial_y_Unidad_Administrativa_mgn.gdb\ENTIDAD_TERRITORIAL\Localidad,LocCodigo,-1,-1;SHAPE_Length "SHAPE_Length" false true true 8 Double 0 0 ,First,#,D:\Contenedor\Users\mbernate\Desktop\MR\SDP\Entidad_Territorial_y_Unidad_Administrativa_mgn.gdb\ENTIDAD_TERRITORIAL\Localidad,SHAPE_Length,-1,-1;SHAPE_Area "SHAPE_Area" false true true 8 Double 0 0 ,First,#,D:\Contenedor\Users\mbernate\Desktop\MR\SDP\Entidad_Territorial_y_Unidad_Administrativa_mgn.gdb\ENTIDAD_TERRITORIAL\Localidad,SHAPE_Area,-1,-1" #</Process><Process ToolSource="c:\arcgis\desktop10.4\ArcToolbox\Toolboxes\Data Management Tools.tbx\TruncateTable" Date="20170403" Time="153947">TruncateTable "D:\MaríaBernate2013\2017\Mapa de Referencia\MR_0317\Migración\MR_0317.gdb\Entidad_Territorial\Loca"</Process><Process ToolSource="c:\arcgis\desktop10.4\ArcToolbox\Toolboxes\Data Management Tools.tbx\Append" Date="20170403" Time="154308">Append 'D:\MaríaBernate2013\2017\Mapa de Referencia\MR_0317\Entidades\SDP\Entidad_Territorial_y_Unidad_Administrativa_mgn.gdb\ENTIDAD_TERRITORIAL\Localidad' Loca NO_TEST "LocNombre "Nombre de la localidad" true true false 50 Text 0 0 ,First,#,D:\MaríaBernate2013\2017\Mapa de Referencia\MR_0317\Entidades\SDP\Entidad_Territorial_y_Unidad_Administrativa_mgn.gdb\ENTIDAD_TERRITORIAL\Localidad,LocNombre,-1,-1;LocAAdmini "Acto administrativo de la localidad" true true false 50 Text 0 0 ,First,#,D:\MaríaBernate2013\2017\Mapa de Referencia\MR_0317\Entidades\SDP\Entidad_Territorial_y_Unidad_Administrativa_mgn.gdb\ENTIDAD_TERRITORIAL\Localidad,LocAAdmini,-1,-1;LocArea "Area de la localidad" true true false 8 Double 0 0 ,First,#,D:\MaríaBernate2013\2017\Mapa de Referencia\MR_0317\Entidades\SDP\Entidad_Territorial_y_Unidad_Administrativa_mgn.gdb\ENTIDAD_TERRITORIAL\Localidad,LocArea,-1,-1;LocCodigo "Identificador unico de la localidad" true true false 2 Text 0 0 ,First,#,D:\MaríaBernate2013\2017\Mapa de Referencia\MR_0317\Entidades\SDP\Entidad_Territorial_y_Unidad_Administrativa_mgn.gdb\ENTIDAD_TERRITORIAL\Localidad,LocCodigo,-1,-1;SHAPE_Length "SHAPE_Length" false true true 8 Double 0 0 ,First,#,D:\MaríaBernate2013\2017\Mapa de Referencia\MR_0317\Entidades\SDP\Entidad_Territorial_y_Unidad_Administrativa_mgn.gdb\ENTIDAD_TERRITORIAL\Localidad,SHAPE_Length,-1,-1;SHAPE_Area "SHAPE_Area" false true true 8 Double 0 0 ,First,#,D:\MaríaBernate2013\2017\Mapa de Referencia\MR_0317\Entidades\SDP\Entidad_Territorial_y_Unidad_Administrativa_mgn.gdb\ENTIDAD_TERRITORIAL\Localidad,SHAPE_Area,-1,-1" #</Process><Process ToolSource="c:\program files (x86)\arcgis\desktop10.8\ArcToolbox\Toolboxes\Conversion Tools.tbx\FeatureClassToFeatureClass" Date="20220805" Time="145051">FeatureClassToFeatureClass R:\DATOS\4_TEMPO_TAREAS\IDECA\ENTREGAS_INFO_PARA_IDECA\2022_07_07\MR_062022_GEO.gdb\Entidad_Territorial\Loca R:\DATOS\4_TEMPO_TAREAS\IDECA\ENTREGAS_INFO_PARA_IDECA\2022_07_07\SDP_072022\FormatoSHP Loca.shp # "LocNombre "Nombre de la localidad" true true false 50 Text 0 0 ,First,#,R:\DATOS\4_TEMPO_TAREAS\IDECA\ENTREGAS_INFO_PARA_IDECA\2022_07_07\MR_062022_GEO.gdb\Entidad_Territorial\Loca,LocNombre,-1,-1;LocAAdmini "Acto administrativo de la localidad" true true false 50 Text 0 0 ,First,#,R:\DATOS\4_TEMPO_TAREAS\IDECA\ENTREGAS_INFO_PARA_IDECA\2022_07_07\MR_062022_GEO.gdb\Entidad_Territorial\Loca,LocAAdmini,-1,-1;LocArea "Área de la localidad" true true false 8 Double 0 0 ,First,#,R:\DATOS\4_TEMPO_TAREAS\IDECA\ENTREGAS_INFO_PARA_IDECA\2022_07_07\MR_062022_GEO.gdb\Entidad_Territorial\Loca,LocArea,-1,-1;LocCodigo "Identificador único de la localidad" true true false 2 Text 0 0 ,First,#,R:\DATOS\4_TEMPO_TAREAS\IDECA\ENTREGAS_INFO_PARA_IDECA\2022_07_07\MR_062022_GEO.gdb\Entidad_Territorial\Loca,LocCodigo,-1,-1;SHAPE_Leng "SHAPE_Leng" false true true 8 Double 0 0 ,First,#,R:\DATOS\4_TEMPO_TAREAS\IDECA\ENTREGAS_INFO_PARA_IDECA\2022_07_07\MR_062022_GEO.gdb\Entidad_Territorial\Loca,SHAPE_Length,-1,-1;SHAPE_Area "SHAPE_Area" false true true 8 Double 0 0 ,First,#,R:\DATOS\4_TEMPO_TAREAS\IDECA\ENTREGAS_INFO_PARA_IDECA\2022_07_07\MR_062022_GEO.gdb\Entidad_Territorial\Loca,SHAPE_Area,-1,-1" #</Process><Process ToolSource="c:\program files (x86)\arcgis\desktop10.2\ArcToolbox\Toolboxes\Conversion Tools.tbx\FeatureClassToFeatureClass" Date="20230429" Time="093854">FeatureClassToFeatureClass I:\Descargas\Loca.shp D:\R.GISPython\GISMobile\GIS_EAB_CO\GDB.gdb\General BogotaLocalidad # "LocNombre "LocNombre" true true false 50 Text 0 0 ,First,#,I:\Descargas\Loca.shp,LocNombre,-1,-1;LocAAdmini "LocAAdmini" true true false 50 Text 0 0 ,First,#,I:\Descargas\Loca.shp,LocAAdmini,-1,-1;LocArea "LocArea" true true false 19 Double 0 0 ,First,#,I:\Descargas\Loca.shp,LocArea,-1,-1;LocCodigo "LocCodigo" true true false 2 Text 0 0 ,First,#,I:\Descargas\Loca.shp,LocCodigo,-1,-1;SHAPE_Leng "SHAPE_Leng" true true false 19 Double 0 0 ,First,#,I:\Descargas\Loca.shp,SHAPE_Leng,-1,-1;SHAPE_Area "SHAPE_Area" true true false 19 Double 0 0 ,First,#,I:\Descargas\Loca.shp,SHAPE_Area,-1,-1" #</Process><Process ToolSource="c:\program files (x86)\arcgis\desktop10.2\ArcToolbox\Toolboxes\Data Management Tools.tbx\CopyFeatures" Date="20230501" Time="061446">CopyFeatures D:\R.GISPython\GISMobile\GISMobile_EAB_CO\GDB.gdb\General\BogotaLocalidad D:\R.GISPython\GISMobile\GISMobile_EAB_CO\SHP\BogotaLocalidad.shp # 0 0 0</Process></lineage><itemProps><itemName Sync="TRUE">BogotaLocalidad</itemName><imsContentType Sync="TRUE">002</imsContentType><itemSize Sync="TRUE">0.000</itemSize><itemLocation><linkage Sync="TRUE">file://\\ADMIN\D$\R.GISPython\GISMobile\GISMobile_EAB_CO\SHP\BogotaLocalidad.shp</linkage><protocol Sync="TRUE">Local Area Network</protocol></itemLocation></itemProps><coordRef><type Sync="TRUE">Projected</type><geogcsn Sync="TRUE">GCS_MAGNA</geogcsn><csUnits Sync="TRUE">Linear Unit: Meter (1.000000)</csUnits><peXml Sync="TRUE">&lt;ProjectedCoordinateSystem xsi:type='typens:ProjectedCoordinateSystem' xmlns:xsi='http://www.w3.org/2001/XMLSchema-instance' xmlns:xs='http://www.w3.org/2001/XMLSchema' xmlns:typens='http://www.esri.com/schemas/ArcGIS/10.1'&gt;&lt;WKT&gt;PROJCS[&amp;quot;MAGNA_Colombia_Origen_Unico&amp;quot;,GEOGCS[&amp;quot;GCS_MAGNA&amp;quot;,DATUM[&amp;quot;D_MAGNA&amp;quot;,SPHEROID[&amp;quot;GRS_1980&amp;quot;,6378137.0,298.257222101]],PRIMEM[&amp;quot;Greenwich&amp;quot;,0.0],UNIT[&amp;quot;Degree&amp;quot;,0.0174532925199433]],PROJECTION[&amp;quot;Transverse_Mercator&amp;quot;],PARAMETER[&amp;quot;False_Easting&amp;quot;,5000000.0],PARAMETER[&amp;quot;False_Northing&amp;quot;,2000000.0],PARAMETER[&amp;quot;Central_Meridian&amp;quot;,-73.0],PARAMETER[&amp;quot;Scale_Factor&amp;quot;,0.9992],PARAMETER[&amp;quot;Latitude_Of_Origin&amp;quot;,4.0],UNIT[&amp;quot;Meter&amp;quot;,1.0]]&lt;/WKT&gt;&lt;XOrigin&gt;-618700&lt;/XOrigin&gt;&lt;YOrigin&gt;-8436100&lt;/YOrigin&gt;&lt;XYScale&gt;450623577.52990448&lt;/XYScale&gt;&lt;ZOrigin&gt;-100000&lt;/ZOrigin&gt;&lt;ZScale&gt;10000&lt;/ZScale&gt;&lt;MOrigin&gt;-100000&lt;/MOrigin&gt;&lt;MScale&gt;10000&lt;/MScale&gt;&lt;XYTolerance&gt;0.001&lt;/XYTolerance&gt;&lt;ZTolerance&gt;0.001&lt;/ZTolerance&gt;&lt;MTolerance&gt;0.001&lt;/MTolerance&gt;&lt;HighPrecision&gt;true&lt;/HighPrecision&gt;&lt;/ProjectedCoordinateSystem&gt;</peXml><projcsn Sync="TRUE">MAGNA_Colombia_Origen_Unico</projcsn></coordRef></DataProperties><SyncDate>20230501</SyncDate><SyncTime>06144600</SyncTime><ModDate>20230501</ModDate><ModTime>06144600</ModTime></Esri><dataIdInfo><envirDesc Sync="TRUE"> Version 6.2 (Build 9200) ; Esri ArcGIS 10.2.2.3552</envirDesc><dataLang><languageCode value="spa" Sync="TRUE"></languageCode><countryCode value="COL" Sync="TRUE"></countryCode></dataLang><idCitation><resTitle Sync="TRUE">BogotaLocalidad</resTitle><presForm><PresFormCd value="005" Sync="TRUE"></PresFormCd></presForm></idCitation><spatRpType><SpatRepTypCd value="001" Sync="TRUE"></SpatRepTypCd></spatRpType></dataIdInfo><mdLang><languageCode value="spa" Sync="TRUE"></languageCode><countryCode value="COL" Sync="TRUE"></countryCode></mdLang><distInfo><distFormat><formatName Sync="TRUE">Shapefile</formatName></distFormat><distTranOps><transSize Sync="TRUE">0.000</transSize></distTranOps></distInfo><mdHrLv><ScopeCd value="005" Sync="TRUE"></ScopeCd></mdHrLv><mdHrLvName Sync="TRUE">dataset</mdHrLvName><refSysInfo><RefSystem><refSysID><identCode code="0" Sync="TRUE"></identCode><idCodeSpace Sync="TRUE">EPSG</idCodeSpace><idVersion Sync="TRUE">7.6.4(9.2.0)</idVersion></refSysID></RefSystem></refSysInfo><spatRepInfo><VectSpatRep><geometObjs Name="BogotaLocalidad"><geoObjTyp><GeoObjTypCd value="002" Sync="TRUE"></GeoObjTypCd></geoObjTyp><geoObjCnt Sync="TRUE">0</geoObjCnt></geometObjs><topLvl><TopoLevCd value="001" Sync="TRUE"></TopoLevCd></topLvl></VectSpatRep></spatRepInfo><spdoinfo><ptvctinf><esriterm Name="BogotaLocalidad"><efeatyp Sync="TRUE">Simple</efeatyp><efeageom code="4" Sync="TRUE"></efeageom><esritopo Sync="TRUE">FALSE</esritopo><efeacnt Sync="TRUE">0</efeacnt><spindex Sync="TRUE">FALSE</spindex><linrefer Sync="TRUE">FALSE</linrefer></esriterm></ptvctinf></spdoinfo><eainfo><detailed Name="BogotaLocalidad"><enttyp><enttypl Sync="TRUE">BogotaLocalidad</enttypl><enttypt Sync="TRUE">Feature Class</enttypt><enttypc Sync="TRUE">0</enttypc></enttyp><attr><attrlabl Sync="TRUE">FID</attrlabl><attalias Sync="TRUE">FID</attalias><attrtype Sync="TRUE">OID</attrtype><attwidth Sync="TRUE">4</attwidth><atprecis Sync="TRUE">0</atprecis><attscale Sync="TRUE">0</attscale><attrdef Sync="TRUE">Internal feature number.</attrdef><attrdefs Sync="TRUE">Esri</attrdefs><attrdomv><udom Sync="TRUE">Sequential unique whole numbers that are automatically generated.</udom></attrdomv></attr><attr><attrlabl Sync="TRUE">Shape</attrlabl><attalias Sync="TRUE">Shape</attalias><attrtype Sync="TRUE">Geometry</attrtype><attwidth Sync="TRUE">0</attwidth><atprecis Sync="TRUE">0</atprecis><attscale Sync="TRUE">0</attscale><attrdef Sync="TRUE">Feature geometry.</attrdef><attrdefs Sync="TRUE">Esri</attrdefs><attrdomv><udom Sync="TRUE">Coordinates defining the features.</udom></attrdomv></attr><attr><attrlabl Sync="TRUE">LocNombre</attrlabl><attalias Sync="TRUE">LocNombre</attalias><attrtype Sync="TRUE">String</attrtype><attwidth Sync="TRUE">50</attwidth><atprecis Sync="TRUE">0</atprecis><attscale Sync="TRUE">0</attscale></attr><attr><attrlabl Sync="TRUE">LocAAdmini</attrlabl><attalias Sync="TRUE">LocAAdmini</attalias><attrtype Sync="TRUE">String</attrtype><attwidth Sync="TRUE">50</attwidth><atprecis Sync="TRUE">0</atprecis><attscale Sync="TRUE">0</attscale></attr><attr><attrlabl Sync="TRUE">LocArea</attrlabl><attalias Sync="TRUE">LocArea</attalias><attrtype Sync="TRUE">Double</attrtype><attwidth Sync="TRUE">19</attwidth><atprecis Sync="TRUE">0</atprecis><attscale Sync="TRUE">0</attscale></attr><attr><attrlabl Sync="TRUE">LocCodigo</attrlabl><attalias Sync="TRUE">LocCodigo</attalias><attrtype Sync="TRUE">String</attrtype><attwidth Sync="TRUE">2</attwidth><atprecis Sync="TRUE">0</atprecis><attscale Sync="TRUE">0</attscale></attr><attr><attrlabl Sync="TRUE">SHAPE_Leng</attrlabl><attalias Sync="TRUE">Shape_Leng</attalias><attrtype Sync="TRUE">Double</attrtype><attwidth Sync="TRUE">19</attwidth><atprecis Sync="TRUE">0</atprecis><attscale Sync="TRUE">0</attscale></attr><attr><attrlabl Sync="TRUE">SHAPE_Area</attrlabl><attalias Sync="TRUE">Shape_Area</attalias><attrtype Sync="TRUE">Double</attrtype><attwidth Sync="TRUE">19</attwidth><atprecis Sync="TRUE">0</atprecis><attscale Sync="TRUE">0</attscale><attrdef Sync="TRUE">Area of feature in internal units squared.</attrdef><attrdefs Sync="TRUE">Esri</attrdefs><attrdomv><udom Sync="TRUE">Positive real numbers that are automatically generated.</udom></attrdomv></attr></detailed></eainfo><mdDateSt Sync="TRUE">20230501</mdDateSt></metadata>
