<metadata xml:lang="es"><Esri><CreaDate>20200723</CreaDate><CreaTime>02255300</CreaTime><SyncOnce>FALSE</SyncOnce><DataProperties><lineage><Process ToolSource="C:\Archivos de programa\ArcGIS\ArcToolbox\Toolboxes\Data Management Tools.tbx\Append" Date="20100616" Time="161516">Append 'V:\ECOPETROL 2010\FILE GEODATABASE\ENTREGA 3\EDIER.gdb\Cobertura_Vegetal\Bosque' "V:\ECOPETROL 2010\FILE GEODATABASE\ENTREGA FINAL\ENTREGA3.gdb\Cobertura_Vegetal\Bosque" NO_TEST # "V:\ECOPETROL 2010\FILE GEODATABASE\ENTREGA FINAL\ENTREGA3.gdb\Cobertura_Vegetal\Bosque"</Process><Process ToolSource="C:\Archivos de programa\ArcGIS\ArcToolbox\Toolboxes\Data Management Tools.tbx\Append" Date="20100616" Time="162142">Append 'V:\ECOPETROL 2010\FILE GEODATABASE\ENTREGA 3\IVAN.gdb\Cobertura_Vegetal\Bosque' "V:\ECOPETROL 2010\FILE GEODATABASE\ENTREGA FINAL\ENTREGA3.gdb\Cobertura_Vegetal\Bosque" NO_TEST # "V:\ECOPETROL 2010\FILE GEODATABASE\ENTREGA FINAL\ENTREGA3.gdb\Cobertura_Vegetal\Bosque"</Process><Process ToolSource="C:\Archivos de programa\ArcGIS\ArcToolbox\Toolboxes\Data Management Tools.tbx\Append" Date="20100616" Time="162808">Append 'V:\ECOPETROL 2010\FILE GEODATABASE\ENTREGA 3\LILIANA.gdb\Cobertura_Vegetal\Bosque' "V:\ECOPETROL 2010\FILE GEODATABASE\ENTREGA FINAL\ENTREGA3.gdb\Cobertura_Vegetal\Bosque" NO_TEST # "V:\ECOPETROL 2010\FILE GEODATABASE\ENTREGA FINAL\ENTREGA3.gdb\Cobertura_Vegetal\Bosque"</Process><Process ToolSource="C:\Archivos de programa\ArcGIS\ArcToolbox\Toolboxes\Data Management Tools.tbx\Append" Date="20100617" Time="125116">Append 'V:\ECOPETROL 2010\FILE GEODATABASE\ENTREGA 3\ELIANA.gdb\Cobertura_Vegetal\Bosque' "V:\ECOPETROL 2010\FILE GEODATABASE\ENTREGA 3\ENTREGA3.gdb\Cobertura_Vegetal\Bosque" NO_TEST # "V:\ECOPETROL 2010\FILE GEODATABASE\ENTREGA 3\ENTREGA3.gdb\Cobertura_Vegetal\Bosque"</Process><Process ToolSource="C:\Archivos de programa\ArcGIS\ArcToolbox\Toolboxes\Data Management Tools.tbx\Append" Date="20100624" Time="183140">Append 'V:\ECOPETROL 2010\FILE GEODATABASE\ENTREGA 3\ENTREGA3-2.gdb\Cobertura_Vegetal\Bosque' Z:\TRANSFERENCIAS\Daissy\PEDRO\ENTREGA3.gdb\Cobertura_Vegetal\Bosque NO_TEST # Z:\TRANSFERENCIAS\Daissy\PEDRO\ENTREGA3.gdb\Cobertura_Vegetal\Bosque</Process><Process ToolSource="C:\Archivos de programa\ArcGIS\ArcToolbox\Toolboxes\Data Management Tools.tbx\Append" Date="20100629" Time="164344">Append 'V:\ECOPETROL 2010\FILE GEODATABASE\ENTREGA 3\ANGELA.gdb\Cobertura_Vegetal\Bosque' "V:\ECOPETROL 2010\FILE GEODATABASE\ENTREGA 3\ENTREGA3.gdb\Cobertura_Vegetal\Bosque" NO_TEST # "V:\ECOPETROL 2010\FILE GEODATABASE\ENTREGA 3\ENTREGA3.gdb\Cobertura_Vegetal\Bosque"</Process><Process ToolSource="C:\Archivos de programa\ArcGIS\ArcToolbox\Toolboxes\Data Management Tools.tbx\Append" Date="20100629" Time="165007">Append 'V:\ECOPETROL 2010\FILE GEODATABASE\ENTREGA 4\CAMILO.gdb\Cobertura_Vegetal\Bosque' "V:\ECOPETROL 2010\FILE GEODATABASE\ENTREGA 3\ENTREGA3.gdb\Cobertura_Vegetal\Bosque" NO_TEST # "V:\ECOPETROL 2010\FILE GEODATABASE\ENTREGA 3\ENTREGA3.gdb\Cobertura_Vegetal\Bosque"</Process><Process ToolSource="C:\Archivos de programa\ArcGIS\ArcToolbox\Toolboxes\Data Management Tools.tbx\Append" Date="20100629" Time="165619">Append 'V:\ECOPETROL 2010\FILE GEODATABASE\ENTREGA 4\EDIER.gdb\Cobertura_Vegetal\Bosque' "V:\ECOPETROL 2010\FILE GEODATABASE\ENTREGA 3\ENTREGA3.gdb\Cobertura_Vegetal\Bosque" NO_TEST # "V:\ECOPETROL 2010\FILE GEODATABASE\ENTREGA 3\ENTREGA3.gdb\Cobertura_Vegetal\Bosque"</Process><Process ToolSource="C:\Archivos de programa\ArcGIS\ArcToolbox\Toolboxes\Data Management Tools.tbx\Append" Date="20100629" Time="170533">Append 'V:\ECOPETROL 2010\FILE GEODATABASE\ENTREGA 4\LILIANA.gdb\Cobertura_Vegetal\Bosque' "V:\ECOPETROL 2010\FILE GEODATABASE\ENTREGA 3\ENTREGA3.gdb\Cobertura_Vegetal\Bosque" NO_TEST # "V:\ECOPETROL 2010\FILE GEODATABASE\ENTREGA 3\ENTREGA3.gdb\Cobertura_Vegetal\Bosque"</Process><Process ToolSource="C:\Archivos de programa\ArcGIS\ArcToolbox\Toolboxes\Data Management Tools.tbx\Append" Date="20100630" Time="074947">Append X:\cuvas_bosque.gdb\Cobertura_Vegetal\Bosque "V:\ECOPETROL 2010\FILE GEODATABASE\ENTREGA 3\ENTREGA3.gdb\Cobertura_Vegetal\Bosque" NO_TEST # "V:\ECOPETROL 2010\FILE GEODATABASE\ENTREGA 3\ENTREGA3.gdb\Cobertura_Vegetal\Bosque"</Process><Process ToolSource="C:\Archivos de programa\ArcGIS\ArcToolbox\Toolboxes\Data Management Tools.tbx\Append" Date="20100701" Time="065058">Append 'V:\ECOPETROL 2010\FILE GEODATABASE\ENTREGA 4\ENTREGA4.gdb\Cobertura_Vegetal\Bosque' "V:\ECOPETROL 2010\FILE GEODATABASE\ENTREGA 4\TOPOLOGIA EDIER\ENTREGA3.gdb\Cobertura_Vegetal\Bosque" NO_TEST # "V:\ECOPETROL 2010\FILE GEODATABASE\ENTREGA 4\TOPOLOGIA EDIER\ENTREGA3.gdb\Cobertura_Vegetal\Bosque"</Process><Process Name="RepairGeometry_1" ToolSource="C:\Archivos de programa\ArcGIS\ArcToolbox\Toolboxes\Data Management Tools.tbx\RepairGeometry" Date="20101026" Time="123046">RepairGeometry "X:\DEFINITIVOS\FILE GEODATABASE\FILE GEODATABASE\100K_INTEGRADA.gdb\Cobertura_Vegetal\Bosque" "X:\DEFINITIVOS\FILE GEODATABASE\FILE GEODATABASE\100K_INTEGRADA.gdb\Cobertura_Vegetal\Bosque"</Process><Process ToolSource="C:\Archivos de programa\ArcGIs\Desktop10.0\ArcToolbox\Toolboxes\Data Management Tools.tbx\JoinField" Date="20110805" Time="124956">JoinField D:\Proyecto\EDICION\100K_Nueva\100K_INTEGRADA.gdb\Cobertura_Vegetal\Bosque OBJECTID D:\Proyecto\EDICION\100K_Nueva\GEOGRAFIA_MAR_17_2011.gdb\Cobertura_Vegetal\Bosque ID_MULTI ID_MULTI;BK_MULTI;ESCALA</Process><Process ToolSource="C:\Archivos de programa\ArcGIs\Desktop10.0\ArcToolbox\Toolboxes\Data Management Tools.tbx\JoinField" Date="20110805" Time="181341">JoinField D:\Proyecto\EDICION\100K_Nueva\100K_INTEGRADA.gdb\Cobertura_Vegetal\Bosque SHAPE_Length D:\Proyecto\EDICION\100K_Nueva\GEOGRAFIA_MAR_17_2011.gdb\Cobertura_Vegetal\Bosque SHAPE_Length ID_MULTI;BK_MULTI;ESCALA</Process><Process ToolSource="C:\Archivos de programa\ArcGIs\Desktop10.0\ArcToolbox\Toolboxes\Conversion Tools.tbx\FeatureClassToFeatureClass" Date="20110805" Time="183514">FeatureClassToFeatureClass D:\Proyecto\EDICION\100K_Nueva\100K_INTEGRADA.gdb\Cobertura_Vegetal\Bosque D:\Proyecto\EDICION\100K_Nueva\100K_INTEGRADA.gdb\Cobertura_Vegetal Bosque2 # "PROYECTO "PROYECTO" true true false 30 Text 0 0 ,First,#,D:\Proyecto\EDICION\100K_Nueva\100K_INTEGRADA.gdb\Cobertura_Vegetal\Bosque,PROYECTO,-1,-1;SYMBOL "Symbol" true true false 255 Text 0 0 ,First,#,D:\Proyecto\EDICION\100K_Nueva\100K_INTEGRADA.gdb\Cobertura_Vegetal\Bosque,SYMBOL,-1,-1;FECHA "FECHA" true true false 8 Date 0 0 ,First,#,D:\Proyecto\EDICION\100K_Nueva\100K_INTEGRADA.gdb\Cobertura_Vegetal\Bosque,FECHA,-1,-1;RuleID "RuleID" true true true 4 Long 0 0 ,First,#,D:\Proyecto\EDICION\100K_Nueva\100K_INTEGRADA.gdb\Cobertura_Vegetal\Bosque,RuleID,-1,-1;Override "Override" true true true 0 Blob 0 0 ,First,#,D:\Proyecto\EDICION\100K_Nueva\100K_INTEGRADA.gdb\Cobertura_Vegetal\Bosque,Override,-1,-1;SHAPE_Length "SHAPE_Length" false true true 8 Double 0 0 ,First,#,D:\Proyecto\EDICION\100K_Nueva\100K_INTEGRADA.gdb\Cobertura_Vegetal\Bosque,SHAPE_Length,-1,-1;SHAPE_Area "SHAPE_Area" false true true 8 Double 0 0 ,First,#,D:\Proyecto\EDICION\100K_Nueva\100K_INTEGRADA.gdb\Cobertura_Vegetal\Bosque,SHAPE_Area,-1,-1;ID_MULTI "ID_MULTI" true true false 4 Long 0 0 ,First,#,D:\Proyecto\EDICION\100K_Nueva\100K_INTEGRADA.gdb\Cobertura_Vegetal\Bosque,ID_MULTI,-1,-1;BK_MULTI "BK_MULTI" true true false 3 Text 0 0 ,First,#,D:\Proyecto\EDICION\100K_Nueva\100K_INTEGRADA.gdb\Cobertura_Vegetal\Bosque,BK_MULTI,-1,-1;ESCALA "ESCALA" true true false 2 Short 0 0 ,First,#,D:\Proyecto\EDICION\100K_Nueva\100K_INTEGRADA.gdb\Cobertura_Vegetal\Bosque,ESCALA,-1,-1" #</Process><Process ToolSource="C:\Archivos de programa\ArcGIs\Desktop10.0\ArcToolbox\Toolboxes\Data Management Tools.tbx\JoinField" Date="20110805" Time="190641">JoinField D:\Proyecto\EDICION\100K_Nueva\100K_INTEGRADA.gdb\Cobertura_Vegetal\Bosque2 OBJECTID D:\Proyecto\EDICION\100K_Nueva\GEOGRAFIA_MAR_17_2011.gdb\Cobertura_Vegetal\Bosque2 ID_MULTI ID_MULTI;BK_MULTI;ESCALA</Process><Process ToolSource="C:\Archivos de programa\ArcGIs\Desktop10.0\ArcToolbox\Toolboxes\Data Management Tools.tbx\JoinField" Date="20110805" Time="190949">JoinField D:\Proyecto\EDICION\100K_Nueva\100K_INTEGRADA.gdb\Cobertura_Vegetal\Bosque2 OBJECTID D:\Proyecto\EDICION\100K_Nueva\GEOGRAFIA_MAR_17_2011.gdb\Cobertura_Vegetal\Bosque2 ID_MULTI ID_MULTI;BK_MULTI;ESCALA</Process><Process ToolSource="C:\Archivos de programa\ArcGIs\Desktop10.0\ArcToolbox\Toolboxes\Data Management Tools.tbx\AddField" Date="20110808" Time="165325">AddField D:\Proyecto\EDICION\100K_Nueva\Modelo_08_08_2011.gdb\Cobertura_Vegetal\Bosque ID_MULTI LONG 9 # # # NULLABLE NON_REQUIRED #</Process><Process ToolSource="C:\Archivos de programa\ArcGIs\Desktop10.0\ArcToolbox\Toolboxes\Data Management Tools.tbx\AddField" Date="20110808" Time="165326">AddField D:\Proyecto\EDICION\100K_Nueva\Modelo_08_08_2011.gdb\Cobertura_Vegetal\Bosque BK_MULTI TEXT 20 # # # NULLABLE NON_REQUIRED #</Process><Process ToolSource="C:\Archivos de programa\ArcGIs\Desktop10.0\ArcToolbox\Toolboxes\Data Management Tools.tbx\AddField" Date="20110808" Time="165327">AddField D:\Proyecto\EDICION\100K_Nueva\Modelo_08_08_2011.gdb\Cobertura_Vegetal\Bosque ESCALA SHORT 9 # # # NULLABLE NON_REQUIRED #</Process><Process ToolSource="C:\Archivos de programa\ArcGIs\Desktop10.0\ArcToolbox\Toolboxes\Data Management Tools.tbx\AddField" Date="20110808" Time="165329">AddField D:\Proyecto\EDICION\100K_Nueva\Modelo_08_08_2011.gdb\Cobertura_Vegetal\Bosque CAMBIO TEXT 100 # # # NULLABLE NON_REQUIRED #</Process><Process ToolSource="C:\Archivos de programa\ArcGIs\Desktop10.0\ArcToolbox\Toolboxes\Data Management Tools.tbx\AddField" Date="20110808" Time="165330">AddField D:\Proyecto\EDICION\100K_Nueva\Modelo_08_08_2011.gdb\Cobertura_Vegetal\Bosque VIGENCIA TEXT 2 # # # NULLABLE NON_REQUIRED #</Process><Process ToolSource="C:\Archivos de programa\ArcGIs\Desktop10.0\ArcToolbox\Toolboxes\Data Management Tools.tbx\AddField" Date="20110808" Time="165331">AddField D:\Proyecto\EDICION\100K_Nueva\Modelo_08_08_2011.gdb\Cobertura_Vegetal\Bosque FECHA_MODIFICACION DATE # # # # NULLABLE NON_REQUIRED #</Process><Process ToolSource="C:\Archivos de programa\ArcGIs\Desktop10.0\ArcToolbox\Toolboxes\Data Management Tools.tbx\AddField" Date="20110808" Time="170737">AddField D:\Proyecto\EDICION\100K_Nueva\Modelo_08_08_2011.gdb\Cobertura_Vegetal\Bosque ID_MULTI LONG 9 # # # NULLABLE NON_REQUIRED #</Process><Process ToolSource="C:\Archivos de programa\ArcGIs\Desktop10.0\ArcToolbox\Toolboxes\Data Management Tools.tbx\AddField" Date="20110808" Time="170739">AddField D:\Proyecto\EDICION\100K_Nueva\Modelo_08_08_2011.gdb\Cobertura_Vegetal\Bosque BK_MULTI TEXT 20 # # # NULLABLE NON_REQUIRED #</Process><Process ToolSource="C:\Archivos de programa\ArcGIs\Desktop10.0\ArcToolbox\Toolboxes\Data Management Tools.tbx\AddField" Date="20110808" Time="170740">AddField D:\Proyecto\EDICION\100K_Nueva\Modelo_08_08_2011.gdb\Cobertura_Vegetal\Bosque ESCALA SHORT 9 # # # NULLABLE NON_REQUIRED #</Process><Process ToolSource="C:\Archivos de programa\ArcGIs\Desktop10.0\ArcToolbox\Toolboxes\Data Management Tools.tbx\AddField" Date="20110808" Time="170741">AddField D:\Proyecto\EDICION\100K_Nueva\Modelo_08_08_2011.gdb\Cobertura_Vegetal\Bosque CAMBIO TEXT 100 # # # NULLABLE NON_REQUIRED #</Process><Process ToolSource="C:\Archivos de programa\ArcGIs\Desktop10.0\ArcToolbox\Toolboxes\Data Management Tools.tbx\AddField" Date="20110808" Time="170742">AddField D:\Proyecto\EDICION\100K_Nueva\Modelo_08_08_2011.gdb\Cobertura_Vegetal\Bosque VIGENCIA TEXT 2 # # # NULLABLE NON_REQUIRED #</Process><Process ToolSource="C:\Archivos de programa\ArcGIs\Desktop10.0\ArcToolbox\Toolboxes\Data Management Tools.tbx\AddField" Date="20110808" Time="170744">AddField D:\Proyecto\EDICION\100K_Nueva\Modelo_08_08_2011.gdb\Cobertura_Vegetal\Bosque FECHA_MODIFICACION DATE # # # # NULLABLE NON_REQUIRED #</Process><Process ToolSource="C:\Archivos de programa\ArcGIs\Desktop10.0\ArcToolbox\Toolboxes\Data Management Tools.tbx\AddField" Date="20110808" Time="181636">AddField D:\Proyecto\EDICION\100K_Nueva\Modelo_08_08_2011.gdb\Cobertura_Vegetal\Bosque ID_MULTI LONG 9 # # # NULLABLE NON_REQUIRED #</Process><Process ToolSource="C:\Archivos de programa\ArcGIs\Desktop10.0\ArcToolbox\Toolboxes\Data Management Tools.tbx\AddField" Date="20110808" Time="181637">AddField D:\Proyecto\EDICION\100K_Nueva\Modelo_08_08_2011.gdb\Cobertura_Vegetal\Bosque BK_MULTI TEXT 20 # # # NULLABLE NON_REQUIRED #</Process><Process ToolSource="C:\Archivos de programa\ArcGIs\Desktop10.0\ArcToolbox\Toolboxes\Data Management Tools.tbx\AddField" Date="20110808" Time="181638">AddField D:\Proyecto\EDICION\100K_Nueva\Modelo_08_08_2011.gdb\Cobertura_Vegetal\Bosque ESCALA SHORT 9 # # # NULLABLE NON_REQUIRED #</Process><Process ToolSource="C:\Archivos de programa\ArcGIs\Desktop10.0\ArcToolbox\Toolboxes\Data Management Tools.tbx\AddField" Date="20110808" Time="181639">AddField D:\Proyecto\EDICION\100K_Nueva\Modelo_08_08_2011.gdb\Cobertura_Vegetal\Bosque CAMBIO TEXT 100 # # # NULLABLE NON_REQUIRED #</Process><Process ToolSource="C:\Archivos de programa\ArcGIs\Desktop10.0\ArcToolbox\Toolboxes\Data Management Tools.tbx\AddField" Date="20110808" Time="181641">AddField D:\Proyecto\EDICION\100K_Nueva\Modelo_08_08_2011.gdb\Cobertura_Vegetal\Bosque VIGENCIA TEXT 2 # # # NULLABLE NON_REQUIRED #</Process><Process ToolSource="C:\Archivos de programa\ArcGIs\Desktop10.0\ArcToolbox\Toolboxes\Data Management Tools.tbx\AddField" Date="20110808" Time="181642">AddField D:\Proyecto\EDICION\100K_Nueva\Modelo_08_08_2011.gdb\Cobertura_Vegetal\Bosque FECHA_MODIFICACION DATE # # # # NULLABLE NON_REQUIRED #</Process><Process ToolSource="C:\Archivos de programa\ArcGIs\Desktop10.0\ArcToolbox\Toolboxes\Data Management Tools.tbx\AssignDomainToField" Date="20110808" Time="181653">AssignDomainToField D:\Proyecto\EDICION\100K_Nueva\Modelo_08_08_2011.gdb\Cobertura_Vegetal\Bosque CAMBIO Dom_Cambios #</Process><Process ToolSource="C:\Archivos de programa\ArcGIs\Desktop10.0\ArcToolbox\Toolboxes\Data Management Tools.tbx\AssignDomainToField" Date="20110808" Time="183223">AssignDomainToField D:\Proyecto\EDICION\100K_Nueva\Modelo_08_08_2011.gdb\Cobertura_Vegetal\Bosque VIGENCIA Dom_Vigencia #</Process><Process ToolSource="C:\Archivos de programa\ArcGIs\Desktop10.0\ArcToolbox\Toolboxes\Data Management Tools.tbx\Append" Date="20110808" Time="192314">Append D:\Proyecto\EDICION\100K_Nueva\100K_INTEGRADA_Modificada_5_8.gdb\Cobertura_Vegetal\Bosque D:\Proyecto\EDICION\100K_Nueva\Modelo_08_08_2011_Con_Datos.gdb\Cobertura_Vegetal\Bosque NO_TEST "PROYECTO "PROYECTO" true true false 30 Text 0 0 ,First,#,D:\Proyecto\EDICION\100K_Nueva\100K_INTEGRADA_Modificada_5_8.gdb\Cobertura_Vegetal\Bosque,PROYECTO,-1,-1;SYMBOL "Symbol" true true false 255 Text 0 0 ,First,#,D:\Proyecto\EDICION\100K_Nueva\100K_INTEGRADA_Modificada_5_8.gdb\Cobertura_Vegetal\Bosque,SYMBOL,-1,-1;FECHA "FECHA" true true false 8 Date 0 0 ,First,#,D:\Proyecto\EDICION\100K_Nueva\100K_INTEGRADA_Modificada_5_8.gdb\Cobertura_Vegetal\Bosque,FECHA,-1,-1;RuleID "RuleID" true true false 4 Long 0 0 ,First,#,D:\Proyecto\EDICION\100K_Nueva\100K_INTEGRADA_Modificada_5_8.gdb\Cobertura_Vegetal\Bosque,RuleID,-1,-1;Override "Override" true true false 0 Blob 0 0 ,First,#,D:\Proyecto\EDICION\100K_Nueva\100K_INTEGRADA_Modificada_5_8.gdb\Cobertura_Vegetal\Bosque,Override,-1,-1;ID_MULTI "ID_MULTI" true true false 4 Long 0 0 ,First,#,D:\Proyecto\EDICION\100K_Nueva\100K_INTEGRADA_Modificada_5_8.gdb\Cobertura_Vegetal\Bosque,ID_MULTI,-1,-1;BK_MULTI "BK_MULTI" true true false 3 Text 0 0 ,First,#,D:\Proyecto\EDICION\100K_Nueva\100K_INTEGRADA_Modificada_5_8.gdb\Cobertura_Vegetal\Bosque,BK_MULTI,-1,-1;ESCALA "ESCALA" true true false 2 Short 0 0 ,First,#,D:\Proyecto\EDICION\100K_Nueva\100K_INTEGRADA_Modificada_5_8.gdb\Cobertura_Vegetal\Bosque,ESCALA,-1,-1;Shape_Length "Shape_Length" false true true 8 Double 0 0 ,First,#,D:\Proyecto\EDICION\100K_Nueva\100K_INTEGRADA_Modificada_5_8.gdb\Cobertura_Vegetal\Bosque,Shape_Length,-1,-1;Shape_Area "Shape_Area" false true true 8 Double 0 0 ,First,#,D:\Proyecto\EDICION\100K_Nueva\100K_INTEGRADA_Modificada_5_8.gdb\Cobertura_Vegetal\Bosque,Shape_Area,-1,-1;CAMBIO "CAMBIO" true true false 255 Text 0 0 ,First,#;VIGENCIA "VIGENCIA" true true false 255 Text 0 0 ,First,#;FECHA_MODIFICACION "FECHA_MODIFICACION" true true false 8 Date 0 0 ,First,#" #</Process><Process ToolSource="C:\Archivos de programa\ArcGIs\Desktop10.0\ArcToolbox\Toolboxes\Data Management Tools.tbx\Append" Date="20110808" Time="193940">Append D:\Proyecto\EDICION\100K_Nueva\100K_INTEGRADA_Modificada_5_8.gdb\Cobertura_Vegetal\Bosque D:\Proyecto\EDICION\100K_Nueva\Sin_Anotaciones.gdb\Cobertura_Vegetal\Bosque NO_TEST "PROYECTO "PROYECTO" true true false 30 Text 0 0 ,First,#,D:\Proyecto\EDICION\100K_Nueva\100K_INTEGRADA_Modificada_5_8.gdb\Cobertura_Vegetal\Bosque,PROYECTO,-1,-1;SYMBOL "Symbol" true true false 255 Text 0 0 ,First,#,D:\Proyecto\EDICION\100K_Nueva\100K_INTEGRADA_Modificada_5_8.gdb\Cobertura_Vegetal\Bosque,SYMBOL,-1,-1;FECHA "FECHA" true true false 8 Date 0 0 ,First,#,D:\Proyecto\EDICION\100K_Nueva\100K_INTEGRADA_Modificada_5_8.gdb\Cobertura_Vegetal\Bosque,FECHA,-1,-1;RuleID "RuleID" true true false 4 Long 0 0 ,First,#,D:\Proyecto\EDICION\100K_Nueva\100K_INTEGRADA_Modificada_5_8.gdb\Cobertura_Vegetal\Bosque,RuleID,-1,-1;Override "Override" true true false 0 Blob 0 0 ,First,#,D:\Proyecto\EDICION\100K_Nueva\100K_INTEGRADA_Modificada_5_8.gdb\Cobertura_Vegetal\Bosque,Override,-1,-1;ID_MULTI "ID_MULTI" true true false 4 Long 0 0 ,First,#,D:\Proyecto\EDICION\100K_Nueva\100K_INTEGRADA_Modificada_5_8.gdb\Cobertura_Vegetal\Bosque,ID_MULTI,-1,-1;BK_MULTI "BK_MULTI" true true false 3 Text 0 0 ,First,#,D:\Proyecto\EDICION\100K_Nueva\100K_INTEGRADA_Modificada_5_8.gdb\Cobertura_Vegetal\Bosque,BK_MULTI,-1,-1;ESCALA "ESCALA" true true false 2 Short 0 0 ,First,#,D:\Proyecto\EDICION\100K_Nueva\100K_INTEGRADA_Modificada_5_8.gdb\Cobertura_Vegetal\Bosque,ESCALA,-1,-1;CAMBIO "CAMBIO" true true false 255 Text 0 0 ,First,#;VIGENCIA "VIGENCIA" true true false 255 Text 0 0 ,First,#;FECHA_MODIFICACION "FECHA_MODIFICACION" true true false 8 Date 0 0 ,First,#;Shape_Length "Shape_Length" false true true 8 Double 0 0 ,First,#,D:\Proyecto\EDICION\100K_Nueva\100K_INTEGRADA_Modificada_5_8.gdb\Cobertura_Vegetal\Bosque,Shape_Length,-1,-1;Shape_Area "Shape_Area" false true true 8 Double 0 0 ,First,#,D:\Proyecto\EDICION\100K_Nueva\100K_INTEGRADA_Modificada_5_8.gdb\Cobertura_Vegetal\Bosque,Shape_Area,-1,-1" #</Process><Process ToolSource="C:\Archivos de programa\ArcGIs\Desktop10.0\ArcToolbox\Toolboxes\Data Management Tools.tbx\CopyFeatures" Date="20110808" Time="201743">CopyFeatures D:\Proyecto\EDICION\100K_Nueva\Sin_Anotaciones.gdb\Cobertura_Vegetal\Bosque D:\Proyecto\EDICION\100K_Nueva\fixed2.mdb\Cobertura_Vegetal\Bosque # 0 0 0</Process><Process ToolSource="C:\Archivos de programa\ArcGIs\Desktop10.0\ArcToolbox\Toolboxes\Analysis Tools.tbx\Clip" Date="20110913" Time="184033">Clip "D:\Proyecto\EDICION\100K_Ultima_version\Nueva Integracion\Ultima.gdb\Cobertura_Vegetal\Bosque" D:\Proyecto\EDICION\100K_Ultima_version\Bloques.shp "D:\Proyecto\EDICION\100K_Ultima_version\Nueva Integracion\Bloque_Faltante.gdb\Cobertura_Vegetal\Bosque" #</Process><Process ToolSource="C:\Archivos de programa\ArcGIs\Desktop10.0\ArcToolbox\Toolboxes\Data Management Tools.tbx\Append" Date="20110914" Time="165822">Append 'D:\Proyecto\EDICION\100K_Ultima_version\Nueva Integracion\BLOQUE2.gdb\Cobertura_Vegetal\Bosque' "D:\Proyecto\EDICION\100K_Ultima_version\Nueva Integracion\Bloque_Faltante.gdb\Cobertura_Vegetal\Bosque" NO_TEST "PROYECTO "PROYECTO" true true false 30 Text 0 0 ,First,#,D:\Proyecto\EDICION\100K_Ultima_version\Nueva Integracion\BLOQUE2.gdb\Cobertura_Vegetal\Bosque,PROYECTO,-1,-1;SYMBOL "Symbol" true true false 255 Text 0 0 ,First,#,D:\Proyecto\EDICION\100K_Ultima_version\Nueva Integracion\BLOQUE2.gdb\Cobertura_Vegetal\Bosque,SYMBOL,-1,-1;FECHA "FECHA" true true false 8 Date 0 0 ,First,#,D:\Proyecto\EDICION\100K_Ultima_version\Nueva Integracion\BLOQUE2.gdb\Cobertura_Vegetal\Bosque,FECHA,-1,-1;RuleID "RuleID" true true false 4 Long 0 0 ,First,#,D:\Proyecto\EDICION\100K_Ultima_version\Nueva Integracion\BLOQUE2.gdb\Cobertura_Vegetal\Bosque,RuleID,-1,-1;Override "Override" true true false 0 Blob 0 0 ,First,#,D:\Proyecto\EDICION\100K_Ultima_version\Nueva Integracion\BLOQUE2.gdb\Cobertura_Vegetal\Bosque,Override,-1,-1;ID_MULTI "ID_MULTI" true true false 4 Long 0 0 ,First,#,D:\Proyecto\EDICION\100K_Ultima_version\Nueva Integracion\BLOQUE2.gdb\Cobertura_Vegetal\Bosque,ID_MULTI,-1,-1;BK_MULTI "BK_MULTI" true true false 3 Text 0 0 ,First,#,D:\Proyecto\EDICION\100K_Ultima_version\Nueva Integracion\BLOQUE2.gdb\Cobertura_Vegetal\Bosque,BK_MULTI,-1,-1;ESCALA "ESCALA" true true false 2 Short 0 0 ,First,#,D:\Proyecto\EDICION\100K_Ultima_version\Nueva Integracion\BLOQUE2.gdb\Cobertura_Vegetal\Bosque,ESCALA,-1,-1;CAMBIO "CAMBIO" true true false 255 Text 0 0 ,First,#,D:\Proyecto\EDICION\100K_Ultima_version\Nueva Integracion\BLOQUE2.gdb\Cobertura_Vegetal\Bosque,CAMBIO,-1,-1;VIGENCIA "VIGENCIA" true true false 255 Text 0 0 ,First,#,D:\Proyecto\EDICION\100K_Ultima_version\Nueva Integracion\BLOQUE2.gdb\Cobertura_Vegetal\Bosque,VIGENCIA,-1,-1;FECHA_MODIFICACION "FECHA_MODIFICACION" true true false 8 Date 0 0 ,First,#,D:\Proyecto\EDICION\100K_Ultima_version\Nueva Integracion\BLOQUE2.gdb\Cobertura_Vegetal\Bosque,FECHA_MODIFICACION,-1,-1;Shape_Length "Shape_Length" false true true 8 Double 0 0 ,First,#,D:\Proyecto\EDICION\100K_Ultima_version\Nueva Integracion\BLOQUE2.gdb\Cobertura_Vegetal\Bosque,Shape_Length,-1,-1;Shape_Area "Shape_Area" false true true 8 Double 0 0 ,First,#,D:\Proyecto\EDICION\100K_Ultima_version\Nueva Integracion\BLOQUE2.gdb\Cobertura_Vegetal\Bosque,Shape_Area,-1,-1" #</Process><Process ToolSource="C:\Archivos de programa\ArcGIs\Desktop10.0\ArcToolbox\Toolboxes\Data Management Tools.tbx\Append" Date="20110914" Time="171045">Append 'D:\Proyecto\EDICION\100K_Ultima_version\Nueva Integracion\BLOQUE3.gdb\Cobertura_Vegetal\Bosque' "D:\Proyecto\EDICION\100K_Ultima_version\Nueva Integracion\Bloque_Faltante.gdb\Cobertura_Vegetal\Bosque" NO_TEST "PROYECTO "PROYECTO" true true false 30 Text 0 0 ,First,#,D:\Proyecto\EDICION\100K_Ultima_version\Nueva Integracion\BLOQUE3.gdb\Cobertura_Vegetal\Bosque,PROYECTO,-1,-1;SYMBOL "Symbol" true true false 255 Text 0 0 ,First,#,D:\Proyecto\EDICION\100K_Ultima_version\Nueva Integracion\BLOQUE3.gdb\Cobertura_Vegetal\Bosque,SYMBOL,-1,-1;FECHA "FECHA" true true false 8 Date 0 0 ,First,#,D:\Proyecto\EDICION\100K_Ultima_version\Nueva Integracion\BLOQUE3.gdb\Cobertura_Vegetal\Bosque,FECHA,-1,-1;RuleID "RuleID" true true false 4 Long 0 0 ,First,#,D:\Proyecto\EDICION\100K_Ultima_version\Nueva Integracion\BLOQUE3.gdb\Cobertura_Vegetal\Bosque,RuleID,-1,-1;Override "Override" true true false 0 Blob 0 0 ,First,#,D:\Proyecto\EDICION\100K_Ultima_version\Nueva Integracion\BLOQUE3.gdb\Cobertura_Vegetal\Bosque,Override,-1,-1;ID_MULTI "ID_MULTI" true true false 4 Long 0 0 ,First,#,D:\Proyecto\EDICION\100K_Ultima_version\Nueva Integracion\BLOQUE3.gdb\Cobertura_Vegetal\Bosque,ID_MULTI,-1,-1;BK_MULTI "BK_MULTI" true true false 3 Text 0 0 ,First,#,D:\Proyecto\EDICION\100K_Ultima_version\Nueva Integracion\BLOQUE3.gdb\Cobertura_Vegetal\Bosque,BK_MULTI,-1,-1;ESCALA "ESCALA" true true false 2 Short 0 0 ,First,#,D:\Proyecto\EDICION\100K_Ultima_version\Nueva Integracion\BLOQUE3.gdb\Cobertura_Vegetal\Bosque,ESCALA,-1,-1;CAMBIO "CAMBIO" true true false 255 Text 0 0 ,First,#,D:\Proyecto\EDICION\100K_Ultima_version\Nueva Integracion\BLOQUE3.gdb\Cobertura_Vegetal\Bosque,CAMBIO,-1,-1;VIGENCIA "VIGENCIA" true true false 255 Text 0 0 ,First,#,D:\Proyecto\EDICION\100K_Ultima_version\Nueva Integracion\BLOQUE3.gdb\Cobertura_Vegetal\Bosque,VIGENCIA,-1,-1;FECHA_MODIFICACION "FECHA_MODIFICACION" true true false 8 Date 0 0 ,First,#,D:\Proyecto\EDICION\100K_Ultima_version\Nueva Integracion\BLOQUE3.gdb\Cobertura_Vegetal\Bosque,FECHA_MODIFICACION,-1,-1;Shape_Length "Shape_Length" false true true 8 Double 0 0 ,First,#,D:\Proyecto\EDICION\100K_Ultima_version\Nueva Integracion\BLOQUE3.gdb\Cobertura_Vegetal\Bosque,Shape_Length,-1,-1;Shape_Area "Shape_Area" false true true 8 Double 0 0 ,First,#,D:\Proyecto\EDICION\100K_Ultima_version\Nueva Integracion\BLOQUE3.gdb\Cobertura_Vegetal\Bosque,Shape_Area,-1,-1" #</Process><Process ToolSource="C:\Archivos de programa\ArcGIs\Desktop10.0\ArcToolbox\Toolboxes\Data Management Tools.tbx\Append" Date="20110914" Time="172459">Append 'D:\Proyecto\EDICION\100K_Ultima_version\Nueva Integracion\BLOQUE4.gdb\Cobertura_Vegetal\Bosque' "D:\Proyecto\EDICION\100K_Ultima_version\Nueva Integracion\Bloque_Faltante.gdb\Cobertura_Vegetal\Bosque" NO_TEST "PROYECTO "PROYECTO" true true false 30 Text 0 0 ,First,#,D:\Proyecto\EDICION\100K_Ultima_version\Nueva Integracion\BLOQUE4.gdb\Cobertura_Vegetal\Bosque,PROYECTO,-1,-1;SYMBOL "Symbol" true true false 255 Text 0 0 ,First,#,D:\Proyecto\EDICION\100K_Ultima_version\Nueva Integracion\BLOQUE4.gdb\Cobertura_Vegetal\Bosque,SYMBOL,-1,-1;FECHA "FECHA" true true false 8 Date 0 0 ,First,#,D:\Proyecto\EDICION\100K_Ultima_version\Nueva Integracion\BLOQUE4.gdb\Cobertura_Vegetal\Bosque,FECHA,-1,-1;RuleID "RuleID" true true false 4 Long 0 0 ,First,#,D:\Proyecto\EDICION\100K_Ultima_version\Nueva Integracion\BLOQUE4.gdb\Cobertura_Vegetal\Bosque,RuleID,-1,-1;Override "Override" true true false 0 Blob 0 0 ,First,#,D:\Proyecto\EDICION\100K_Ultima_version\Nueva Integracion\BLOQUE4.gdb\Cobertura_Vegetal\Bosque,Override,-1,-1;ID_MULTI "ID_MULTI" true true false 4 Long 0 0 ,First,#,D:\Proyecto\EDICION\100K_Ultima_version\Nueva Integracion\BLOQUE4.gdb\Cobertura_Vegetal\Bosque,ID_MULTI,-1,-1;BK_MULTI "BK_MULTI" true true false 3 Text 0 0 ,First,#,D:\Proyecto\EDICION\100K_Ultima_version\Nueva Integracion\BLOQUE4.gdb\Cobertura_Vegetal\Bosque,BK_MULTI,-1,-1;ESCALA "ESCALA" true true false 2 Short 0 0 ,First,#,D:\Proyecto\EDICION\100K_Ultima_version\Nueva Integracion\BLOQUE4.gdb\Cobertura_Vegetal\Bosque,ESCALA,-1,-1;CAMBIO "CAMBIO" true true false 255 Text 0 0 ,First,#,D:\Proyecto\EDICION\100K_Ultima_version\Nueva Integracion\BLOQUE4.gdb\Cobertura_Vegetal\Bosque,CAMBIO,-1,-1;VIGENCIA "VIGENCIA" true true false 255 Text 0 0 ,First,#,D:\Proyecto\EDICION\100K_Ultima_version\Nueva Integracion\BLOQUE4.gdb\Cobertura_Vegetal\Bosque,VIGENCIA,-1,-1;FECHA_MODIFICACION "FECHA_MODIFICACION" true true false 8 Date 0 0 ,First,#,D:\Proyecto\EDICION\100K_Ultima_version\Nueva Integracion\BLOQUE4.gdb\Cobertura_Vegetal\Bosque,FECHA_MODIFICACION,-1,-1;Shape_Length "Shape_Length" false true true 8 Double 0 0 ,First,#,D:\Proyecto\EDICION\100K_Ultima_version\Nueva Integracion\BLOQUE4.gdb\Cobertura_Vegetal\Bosque,Shape_Length,-1,-1;Shape_Area "Shape_Area" false true true 8 Double 0 0 ,First,#,D:\Proyecto\EDICION\100K_Ultima_version\Nueva Integracion\BLOQUE4.gdb\Cobertura_Vegetal\Bosque,Shape_Area,-1,-1" #</Process><Process ToolSource="C:\Archivos de programa\ArcGIs\Desktop10.0\ArcToolbox\Toolboxes\Data Management Tools.tbx\Append" Date="20110915" Time="113017">Append Z:\MBC\MBC_CIENMILES\13_SEPTIEMBRE\bloque1.gdb\Cobertura_Vegetal\Bosque "D:\Proyecto\EDICION\100K_Ultima_version\Nueva Integracion\Integrada_Nueva.gdb\Cobertura_Vegetal\Bosque" TEST # #</Process><Process ToolSource="C:\Archivos de programa\ArcGIs\Desktop10.0\ArcToolbox\Toolboxes\Data Management Tools.tbx\Append" Date="20110915" Time="113556">Append 'D:\Proyecto\EDICION\100K_Ultima_version\Nueva Integracion\BLOQUE5.gdb\Cobertura_Vegetal\Bosque' "D:\Proyecto\EDICION\100K_Ultima_version\Nueva Integracion\Integrada_Nueva.gdb\Cobertura_Vegetal\Bosque" TEST # #</Process><Process ToolSource="C:\Archivos de programa\ArcGIs\Desktop10.0\ArcToolbox\Toolboxes\Data Management Tools.tbx\AddField" Date="20110919" Time="132617">AddField "D:\Proyecto\EDICION\100K_Ultima_version\Nueva Integracion\Integrada_Nueva.gdb\Cobertura_Vegetal\Bosque" RESPONSABLE TEXT 255 # # # NULLABLE NON_REQUIRED #</Process><Process ToolSource="C:\Archivos de programa\ArcGIs\Desktop10.0\ArcToolbox\Toolboxes\Data Management Tools.tbx\AddField" Date="20110919" Time="132618">AddField "D:\Proyecto\EDICION\100K_Ultima_version\Nueva Integracion\Integrada_Nueva.gdb\Cobertura_Vegetal\Bosque" FECHA_MODIFICACION DATE # # # # NULLABLE NON_REQUIRED #</Process><Process ToolSource="C:\Archivos de programa\ArcGIs\Desktop10.0\ArcToolbox\Toolboxes\Data Management Tools.tbx\AssignDomainToField" Date="20110919" Time="143117">AssignDomainToField "D:\Proyecto\EDICION\100K_Ultima_version\Nueva Integracion\Integrada_Nueva.gdb\Cobertura_Vegetal\Bosque" VIGENCIA Dom_Vigencia #</Process><Process ToolSource="C:\Archivos de programa\ArcGIs\Desktop10.0\ArcToolbox\Toolboxes\Data Management Tools.tbx\Append" Date="20110927" Time="111051">Append 'D:\Proyecto\EDICION\100K_Ultima_version\Nueva Integracion\san andres Nuevo modelo.mdb\Cobertura_Vegetal\Bosque' "D:\Proyecto\EDICION\100K_Ultima_version\Nueva Integracion\Backup_Final\Integrada.gdb\Cobertura_Vegetal\Bosque" NO_TEST "PROYECTO "PROYECTO" true true false 30 Text 0 0 ,First,#,D:\Proyecto\EDICION\100K_Ultima_version\Nueva Integracion\san andres Nuevo modelo.mdb\Cobertura_Vegetal\Bosque,PROYECTO,-1,-1;SYMBOL "Symbol" true true false 255 Text 0 0 ,First,#,D:\Proyecto\EDICION\100K_Ultima_version\Nueva Integracion\san andres Nuevo modelo.mdb\Cobertura_Vegetal\Bosque,SYMBOL,-1,-1;FECHA "FECHA" true true false 8 Date 0 0 ,First,#,D:\Proyecto\EDICION\100K_Ultima_version\Nueva Integracion\san andres Nuevo modelo.mdb\Cobertura_Vegetal\Bosque,FECHA,-1,-1;RuleID "RuleID" true true false 4 Long 0 0 ,First,#,D:\Proyecto\EDICION\100K_Ultima_version\Nueva Integracion\san andres Nuevo modelo.mdb\Cobertura_Vegetal\Bosque,RuleID,-1,-1;Override "Override" true true false 0 Blob 0 0 ,First,#,D:\Proyecto\EDICION\100K_Ultima_version\Nueva Integracion\san andres Nuevo modelo.mdb\Cobertura_Vegetal\Bosque,Override,-1,-1;ID_MULTI "ID_MULTI" true true false 4 Long 0 0 ,First,#,D:\Proyecto\EDICION\100K_Ultima_version\Nueva Integracion\san andres Nuevo modelo.mdb\Cobertura_Vegetal\Bosque,ID_MULTI,-1,-1;BK_MULTI "BK_MULTI" true true false 3 Text 0 0 ,First,#,D:\Proyecto\EDICION\100K_Ultima_version\Nueva Integracion\san andres Nuevo modelo.mdb\Cobertura_Vegetal\Bosque,BK_MULTI,-1,-1;ESCALA "ESCALA" true true false 2 Short 0 0 ,First,#,D:\Proyecto\EDICION\100K_Ultima_version\Nueva Integracion\san andres Nuevo modelo.mdb\Cobertura_Vegetal\Bosque,ESCALA,-1,-1;CAMBIO "CAMBIO" true true false 255 Text 0 0 ,First,#,D:\Proyecto\EDICION\100K_Ultima_version\Nueva Integracion\san andres Nuevo modelo.mdb\Cobertura_Vegetal\Bosque,CAMBIO,-1,-1;VIGENCIA "VIGENCIA" true true false 255 Text 0 0 ,First,#,D:\Proyecto\EDICION\100K_Ultima_version\Nueva Integracion\san andres Nuevo modelo.mdb\Cobertura_Vegetal\Bosque,VIGENCIA,-1,-1;FECHA_MODIFICACION "FECHA_MODIFICACION" true true false 8 Date 0 0 ,First,#,D:\Proyecto\EDICION\100K_Ultima_version\Nueva Integracion\san andres Nuevo modelo.mdb\Cobertura_Vegetal\Bosque,FECHA_MODIFICACION,-1,-1;RESPONSABLE "RESPONSABLE" true true false 255 Text 0 0 ,First,#,D:\Proyecto\EDICION\100K_Ultima_version\Nueva Integracion\san andres Nuevo modelo.mdb\Cobertura_Vegetal\Bosque,RESPONSABLE,-1,-1;Shape_Length "Shape_Length" false true true 8 Double 0 0 ,First,#,D:\Proyecto\EDICION\100K_Ultima_version\Nueva Integracion\san andres Nuevo modelo.mdb\Cobertura_Vegetal\Bosque,Shape_Length,-1,-1;Shape_Area "Shape_Area" false true true 8 Double 0 0 ,First,#,D:\Proyecto\EDICION\100K_Ultima_version\Nueva Integracion\san andres Nuevo modelo.mdb\Cobertura_Vegetal\Bosque,Shape_Area,-1,-1" #</Process><Process ToolSource="C:\Archivos de programa\ArcGIs\Desktop10.0\ArcToolbox\Toolboxes\Data Management Tools.tbx\AddField" Date="20110927" Time="135744">AddField "D:\Proyecto\EDICION\100K_Ultima_version\Nueva Integracion\Backup_Final\Integrada.gdb\Cobertura_Vegetal\Bosque" PK_CUE DOUBLE # # # # NULLABLE NON_REQUIRED #</Process><Process ToolSource="C:\Program Files (x86)\ArcGIS\Desktop10.0\ArcToolbox\Toolboxes\Data Management Tools.tbx\CalculateField" Date="20110929" Time="123206">CalculateField ADMCIENMIL.Bosque PK_CUE null VB #</Process><Process ToolSource="C:\Program Files (x86)\ArcGIS\Desktop10.0\ArcToolbox\Toolboxes\Data Management Tools.tbx\CalculateField" Date="20110929" Time="140513">CalculateField ADMCIENMIL.Bosque PK_CUE null VB #</Process><Process ToolSource="C:\Program Files (x86)\ArcGIS\Desktop10.0\ArcToolbox\Toolboxes\Data Management Tools.tbx\CalculateField" Date="20110929" Time="141425">CalculateField ADMCIENMIL.Bosque PK_CUE null VB #</Process><Process ToolSource="D:\ArcGIS\Desktop10.0\ArcToolbox\Toolboxes\Data Management Tools.tbx\CalculateField" Date="20110929" Time="152047">CalculateField ADMCIENMIL.Bosque PK_CUE null VB #</Process><Process ToolSource="C:\Program Files (x86)\ArcGIS\Desktop10.0\ArcToolbox\Toolboxes\Data Management Tools.tbx\CalculateField" Date="20110929" Time="183159">CalculateField ADMCIENMIL.Bosque PK_CUE null VB #</Process><Process ToolSource="C:\Program Files (x86)\ArcGIS\Desktop10.0\ArcToolbox\Toolboxes\Data Management Tools.tbx\CalculateField" Date="20110929" Time="190430">CalculateField ADMCIENMIL.Bosque PK_CUE null VB #</Process><Process ToolSource="C:\Program Files (x86)\ArcGIS\Desktop10.0\ArcToolbox\Toolboxes\Data Management Tools.tbx\CalculateField" Date="20120514" Time="111533">CalculateField Bosque RESPONSABLE "Diego Chavez" VB #</Process><Process ToolSource="C:\Program Files (x86)\ArcGIS\Desktop10.0\ArcToolbox\Toolboxes\Data Management Tools.tbx\CalculateField" Date="20120514" Time="152740">CalculateField ADMCIENMIL.Bosque RESPONSABLE "Oscar Quintero" VB #</Process><Process ToolSource="C:\Program Files (x86)\ArcGIS\Desktop10.0\ArcToolbox\Toolboxes\Data Management Tools.tbx\CalculateField" Date="20120514" Time="161813">CalculateField ADMCIENMIL.Bosque RESPONSABLE "Jhon Fredy Ardila" VB #</Process><Process ToolSource="C:\Program Files (x86)\ArcGIS\Desktop10.0\ArcToolbox\Toolboxes\Data Management Tools.tbx\CalculateField" Date="20120514" Time="164058">CalculateField ADMCIENMIL.Bosque RESPONSABLE "Carlos Sedano" VB #</Process><Process ToolSource="C:\Program Files (x86)\ArcGIS\Desktop10.0\ArcToolbox\Toolboxes\Data Management Tools.tbx\CalculateField" Date="20120515" Time="150802">CalculateField ADMCIENMIL.Bosque RESPONSABLE "Jhon Fredy Ardila" VB #</Process><Process ToolSource="C:\Program Files (x86)\ArcGIS\Desktop10.0\ArcToolbox\Toolboxes\Data Management Tools.tbx\CalculateField" Date="20120704" Time="114607">CalculateField ADMCIENMIL.Bosque RESPONSABLE "Diego Chavez" VB #</Process><Process ToolSource="C:\Program Files (x86)\ArcGIS\Desktop10.0\ArcToolbox\Toolboxes\Data Management Tools.tbx\CalculateField" Date="20120704" Time="114911">CalculateField ADMCIENMIL.Bosque FECHA_MODIFICACION "17/04/2012" VB #</Process><Process ToolSource="C:\Program Files (x86)\ArcGIS\Desktop10.0\ArcToolbox\Toolboxes\Data Management Tools.tbx\CalculateField" Date="20121128" Time="154955">CalculateField ADMCIENMIL.Bosque CAMBIO 1 VB #</Process><Process ToolSource="C:\Program Files (x86)\ArcGIS\Desktop10.0\ArcToolbox\Toolboxes\Data Management Tools.tbx\CalculateField" Date="20121128" Time="155015">CalculateField ADMCIENMIL.Bosque CAMBIO 10 VB #</Process><Process ToolSource="C:\Program Files (x86)\ArcGIS\Desktop10.0\ArcToolbox\Toolboxes\Data Management Tools.tbx\CalculateField" Date="20121203" Time="160306">CalculateField ADMCIENMIL.Bosque VIGENCIA 1 VB #</Process><Process ToolSource="C:\Program Files (x86)\ArcGIS\Desktop10.0\ArcToolbox\Toolboxes\Data Management Tools.tbx\CalculateField" Date="20121205" Time="160120">CalculateField ADMCIENMIL.Bosque VIGENCIA 1 VB #</Process><Process ToolSource="C:\Program Files (x86)\ArcGIS\Desktop10.0\ArcToolbox\Toolboxes\Data Management Tools.tbx\CalculateField" Date="20121211" Time="093152">CalculateField Bosque PROYECTO NULL
 VB #</Process><Process ToolSource="C:\Program Files (x86)\ArcGIS\Desktop10.0\ArcToolbox\Toolboxes\Data Management Tools.tbx\CalculateField" Date="20121211" Time="121503">CalculateField ADMCIENMIL.Bosque RESPONSABLE "Dayana Patricia Beltrán Fonseca" VB #</Process><Process ToolSource="C:\Program Files (x86)\ArcGIS\Desktop10.0\ArcToolbox\Toolboxes\Data Management Tools.tbx\CalculateField" Date="20121218" Time="172824">CalculateField ADMCIENMIL.Bosque PROYECTO NULL VB #</Process><Process ToolSource="C:\Program Files (x86)\ArcGIS\Desktop10.0\ArcToolbox\Toolboxes\Data Management Tools.tbx\CalculateField" Date="20121219" Time="110814">CalculateField Bosque PROYECTO NULL VB #</Process><Process ToolSource="C:\Program Files (x86)\ArcGIS\Desktop10.0\ArcToolbox\Toolboxes\Data Management Tools.tbx\CalculateField" Date="20121221" Time="162920">CalculateField ADMCIENMIL.Bosque PROYECTO NULL VB #</Process><Process ToolSource="C:\Program Files (x86)\ArcGIS\Desktop10.0\ArcToolbox\Toolboxes\Data Management Tools.tbx\CalculateField" Date="20121227" Time="125936">CalculateField Bosque PROYECTO NULL VB #</Process><Process ToolSource="C:\Program Files (x86)\ArcGIS\Desktop10.0\ArcToolbox\Toolboxes\Data Management Tools.tbx\CalculateField" Date="20121228" Time="165805">CalculateField Bosque PROYECTO NULL VB #</Process><Process ToolSource="C:\Program Files (x86)\ArcGIS\Desktop10.0\ArcToolbox\Toolboxes\Data Management Tools.tbx\CalculateField" Date="20130102" Time="200800">CalculateField ADMCIENMIL.Bosque PROYECTO NULL VB #</Process><Process ToolSource="C:\Program Files (x86)\ArcGIS\Desktop10.0\ArcToolbox\Toolboxes\Data Management Tools.tbx\CalculateField" Date="20130103" Time="193210">CalculateField ADMCIENMIL.Bosque PROYECTO NULL VB #</Process><Process ToolSource="C:\Program Files (x86)\ArcGIS\Desktop10.0\ArcToolbox\Toolboxes\Data Management Tools.tbx\CalculateField" Date="20130104" Time="145547">CalculateField ADMCIENMIL.Bosque PROYECTO NULL VB #</Process><Process ToolSource="C:\Program Files (x86)\ArcGIS\Desktop10.0\ArcToolbox\Toolboxes\Data Management Tools.tbx\CalculateField" Date="20130104" Time="181615">CalculateField ADMCIENMIL.Bosque PROYECTO NULL VB #</Process><Process ToolSource="C:\Program Files (x86)\ArcGIS\Desktop10.0\ArcToolbox\Toolboxes\Data Management Tools.tbx\CalculateField" Date="20130117" Time="130226">CalculateField ADMCIENMIL.Bosque PROYECTO null VB #</Process><Process ToolSource="C:\Program Files (x86)\ArcGIS\Desktop10.0\ArcToolbox\Toolboxes\Data Management Tools.tbx\CalculateField" Date="20130117" Time="130411">CalculateField ADMCIENMIL.Bosque VIGENCIA 1 VB #</Process><Process ToolSource="C:\Program Files (x86)\ArcGIS\Desktop10.0\ArcToolbox\Toolboxes\Data Management Tools.tbx\CalculateField" Date="20130117" Time="130955">CalculateField ADMCIENMIL.Bosque PROYECTO null VB #</Process><Process ToolSource="C:\Program Files (x86)\ArcGIS\Desktop10.0\ArcToolbox\Toolboxes\Data Management Tools.tbx\CalculateField" Date="20130117" Time="131155">CalculateField ADMCIENMIL.Bosque VIGENCIA 1 VB #</Process><Process ToolSource="C:\Program Files (x86)\ArcGIS\Desktop10.0\ArcToolbox\Toolboxes\Data Management Tools.tbx\CalculateField" Date="20130118" Time="193800">CalculateField ADMCIENMIL.Bosque PROYECTO null VB #</Process><Process ToolSource="C:\Program Files (x86)\ArcGIS\Desktop10.0\ArcToolbox\Toolboxes\Data Management Tools.tbx\CalculateField" Date="20130129" Time="102943">CalculateField Bosque PROYECTO NULL VB #</Process><Process ToolSource="C:\Program Files (x86)\ArcGIS\Desktop10.0\ArcToolbox\Toolboxes\Data Management Tools.tbx\CalculateField" Date="20130129" Time="103122">CalculateField Bosque RESPONSABLE NULL VB #</Process><Process ToolSource="C:\Program Files (x86)\ArcGIS\Desktop10.0\ArcToolbox\Toolboxes\Data Management Tools.tbx\CalculateField" Date="20130130" Time="090125">CalculateField Bosque PROYECTO NULL VB #</Process><Process ToolSource="C:\Program Files (x86)\ArcGIS\Desktop10.0\ArcToolbox\Toolboxes\Data Management Tools.tbx\CalculateField" Date="20130130" Time="192959">CalculateField ADMCIENMIL.Bosque PROYECTO null VB #</Process><Process ToolSource="C:\Program Files (x86)\ArcGIS\Desktop10.0\ArcToolbox\Toolboxes\Data Management Tools.tbx\CalculateField" Date="20130130" Time="193058">CalculateField ADMCIENMIL.Bosque VIGENCIA 1 VB #</Process><Process ToolSource="C:\Program Files (x86)\ArcGIS\Desktop10.0\ArcToolbox\Toolboxes\Data Management Tools.tbx\CalculateField" Date="20130131" Time="114453">CalculateField Bosque PROYECTO NULL VB #</Process><Process ToolSource="C:\Program Files (x86)\ArcGIS\Desktop10.0\ArcToolbox\Toolboxes\Data Management Tools.tbx\CalculateField" Date="20130827" Time="194903">CalculateField ADMCIENMIL.Bosque PROYECTO null VB #</Process><Process ToolSource="C:\Program Files (x86)\ArcGIS\Desktop10.0\ArcToolbox\Toolboxes\Data Management Tools.tbx\CalculateField" Date="20150626" Time="173228">CalculateField ADMCIENMIL.Bosque PROYECTO null VB #</Process><Process ToolSource="C:\Program Files (x86)\ArcGIS\Desktop10.0\ArcToolbox\Toolboxes\Data Management Tools.tbx\CalculateField" Date="20150626" Time="173726">CalculateField ADMCIENMIL.Bosque FECHA_MODIFICACION left( [FECHA_MODIFICACION],10) VB #</Process><Process ToolSource="C:\Program Files (x86)\ArcGIS\Desktop10.0\ArcToolbox\Toolboxes\Data Management Tools.tbx\CalculateField" Date="20151220" Time="173615">CalculateField ADMCIENMIL.Bosque CAMBIO NULL VB #</Process><Process ToolSource="C:\Program Files (x86)\ArcGIS\Desktop10.0\ArcToolbox\Toolboxes\Data Management Tools.tbx\AddField" Date="20160508" Time="161144">AddField "Database Connections\SRDBCARTO@ADMCIENMIL.sde\ADMCIENMIL.Cobertura_Vegetal\ADMCIENMIL.Bosque" Escala_150 SHORT # # # # NULLABLE NON_REQUIRED #</Process><Process ToolSource="C:\Program Files (x86)\ArcGIS\Desktop10.0\ArcToolbox\Toolboxes\Data Management Tools.tbx\AddField" Date="20160508" Time="161149">AddField "Database Connections\SRDBCARTO@ADMCIENMIL.sde\ADMCIENMIL.Cobertura_Vegetal\ADMCIENMIL.Bosque" Escala_150 SHORT # # # # NULLABLE NON_REQUIRED #</Process><Process ToolSource="C:\Program Files (x86)\ArcGIS\Desktop10.0\ArcToolbox\Toolboxes\Data Management Tools.tbx\AddField" Date="20160508" Time="161153">AddField "Database Connections\SRDBCARTO@ADMCIENMIL.sde\ADMCIENMIL.Cobertura_Vegetal\ADMCIENMIL.Bosque" Escala_200 SHORT # # # # NULLABLE NON_REQUIRED #</Process><Process ToolSource="C:\Program Files (x86)\ArcGIS\Desktop10.0\ArcToolbox\Toolboxes\Data Management Tools.tbx\AddField" Date="20160508" Time="161158">AddField "Database Connections\SRDBCARTO@ADMCIENMIL.sde\ADMCIENMIL.Cobertura_Vegetal\ADMCIENMIL.Bosque" Escala_300 SHORT # # # # NULLABLE NON_REQUIRED #</Process><Process ToolSource="C:\Program Files (x86)\ArcGIS\Desktop10.0\ArcToolbox\Toolboxes\Data Management Tools.tbx\AddField" Date="20160508" Time="161202">AddField "Database Connections\SRDBCARTO@ADMCIENMIL.sde\ADMCIENMIL.Cobertura_Vegetal\ADMCIENMIL.Bosque" Escala_350 SHORT # # # # NULLABLE NON_REQUIRED #</Process><Process ToolSource="C:\Program Files (x86)\ArcGIS\Desktop10.0\ArcToolbox\Toolboxes\Data Management Tools.tbx\AddField" Date="20160508" Time="161206">AddField "Database Connections\SRDBCARTO@ADMCIENMIL.sde\ADMCIENMIL.Cobertura_Vegetal\ADMCIENMIL.Bosque" Escala_400 SHORT # # # # NULLABLE NON_REQUIRED #</Process><Process ToolSource="C:\Program Files (x86)\ArcGIS\Desktop10.0\ArcToolbox\Toolboxes\Data Management Tools.tbx\AddField" Date="20160508" Time="161211">AddField "Database Connections\SRDBCARTO@ADMCIENMIL.sde\ADMCIENMIL.Cobertura_Vegetal\ADMCIENMIL.Bosque" Escala_500 SHORT # # # # NULLABLE NON_REQUIRED #</Process><Process ToolSource="C:\Program Files (x86)\ArcGIS\Desktop10.0\ArcToolbox\Toolboxes\Data Management Tools.tbx\AddField" Date="20160508" Time="161215">AddField "Database Connections\SRDBCARTO@ADMCIENMIL.sde\ADMCIENMIL.Cobertura_Vegetal\ADMCIENMIL.Bosque" Escala_750 SHORT # # # # NULLABLE NON_REQUIRED #</Process><Process ToolSource="c:\program files (x86)\arcgis\desktop10.3\ArcToolbox\Toolboxes\Data Management Tools.tbx\CalculateField" Date="20170504" Time="102020">CalculateField 1OOK\ADMCIENMIL.Bosque PK_CUE autoIncrement() PYTHON_9.3 "rec=7764017\ndef autoIncrement():\n global rec\n pStart = 1 #adjust start value, if req'd \n pInterval = 1 #adjust interval value, if req'd\n if (rec == 0): \n  rec = pStart \n else: \n  rec = rec + pInterval \n return rec\n\n"</Process><Process ToolSource="c:\arcgis\desktop10.3\ArcToolbox\Toolboxes\Data Management Tools.tbx\AddSpatialIndex" Date="20171121" Time="234228">AddSpatialIndex C:/Users/omar.castrillon/Desktop/grid_index/admcienmil.sde\ADMCIENMIL.Bosque 0 0 0</Process><Process ToolSource="c:\arcgis\desktop10.3\ArcToolbox\Toolboxes\Data Management Tools.tbx\CalculateField" Date="20171213" Time="094848">CalculateField ADMCIENMIL.Bosque RESPONSABLE "JAIRMO RODRIGUEZ" VB #</Process><Process ToolSource="c:\program files (x86)\arcgis\desktop10.3\ArcToolbox\Toolboxes\Data Management Tools.tbx\CalculateField" Date="20171217" Time="113247">CalculateField ADMCIENMIL.Bosque PK_CUE autoIncrement() PYTHON_9.3 "rec=7832805\ndef autoIncrement():\n global rec\n pStart = 1 #adjust start value, if req'd \n pInterval = 1 #adjust interval value, if req'd\n if (rec == 0): \n  rec = pStart \n else: \n  rec = rec + pInterval \n return rec\n\n"</Process><Process ToolSource="c:\program files (x86)\arcgis\desktop10.3\ArcToolbox\Toolboxes\Data Management Tools.tbx\CalculateField" Date="20171220" Time="101445">CalculateField ADMCIENMIL.Bosque PROYECTO Null VB #</Process><Process ToolSource="c:\program files (x86)\arcgis\desktop10.3\ArcToolbox\Toolboxes\Data Management Tools.tbx\CalculateField" Date="20190522" Time="102333">CalculateField CORPORATIVA\ADMCIENMIL.Bosque PK_CUE autoIncrement() PYTHON_9.3 "rec=7862921\ndef autoIncrement():\n global rec\n pStart = 1 #adjust start value, if req'd \n pInterval = 1 #adjust interval value, if req'd\n if (rec == 0): \n  rec = pStart \n else: \n  rec = rec + pInterval \n return rec\n\n"</Process><Process ToolSource="c:\program files (x86)\arcgis\desktop10.3\ArcToolbox\Toolboxes\Data Management Tools.tbx\CalculateField" Date="20190523" Time="134408">CalculateField CORPORATIVA\ADMCIENMIL.Bosque PK_CUE autoIncrement() PYTHON_9.3 "rec=7862957\ndef autoIncrement():\n global rec\n pStart = 1 #adjust start value, if req'd \n pInterval = 1 #adjust interval value, if req'd\n if (rec == 0): \n  rec = pStart \n else: \n  rec = rec + pInterval \n return rec\n\n"</Process><Process ToolSource="c:\program files (x86)\arcgis\desktop10.3\ArcToolbox\Toolboxes\Data Management Tools.tbx\CalculateField" Date="20190524" Time="100710">CalculateField CORPORATIVA\ADMCIENMIL.Bosque PK_CUE autoIncrement() PYTHON_9.3 "rec=7862977\ndef autoIncrement():\n global rec\n pStart = 1 #adjust start value, if req'd \n pInterval = 1 #adjust interval value, if req'd\n if (rec == 0): \n  rec = pStart \n else: \n  rec = rec + pInterval \n return rec\n\n"</Process><Process ToolSource="c:\program files (x86)\arcgis\desktop10.3\ArcToolbox\Toolboxes\Data Management Tools.tbx\CalculateField" Date="20190524" Time="123945">CalculateField CORPORATIVA\ADMCIENMIL.Bosque PK_CUE autoIncrement() PYTHON_9.3 "rec=7862988\ndef autoIncrement():\n global rec\n pStart = 1 #adjust start value, if req'd \n pInterval = 1 #adjust interval value, if req'd\n if (rec == 0): \n  rec = pStart \n else: \n  rec = rec + pInterval \n return rec\n\n"</Process><Process ToolSource="c:\program files (x86)\arcgis\desktop10.3\ArcToolbox\Toolboxes\Data Management Tools.tbx\CalculateField" Date="20190524" Time="142424">CalculateField CORPORATIVA\ADMCIENMIL.Bosque PK_CUE autoIncrement() PYTHON_9.3 "rec=7863086\ndef autoIncrement():\n global rec\n pStart = 1 #adjust start value, if req'd \n pInterval = 1 #adjust interval value, if req'd\n if (rec == 0): \n  rec = pStart \n else: \n  rec = rec + pInterval \n return rec\n\n"</Process><Process ToolSource="c:\program files (x86)\arcgis\desktop10.3\ArcToolbox\Toolboxes\Data Management Tools.tbx\DeleteField" Date="20190610" Time="170327">DeleteField X:\2019\100K\VERSION_100K_JUNIO_2019.gdb\Cobertura_Vegetal\Bosque RESPONSABLE</Process><Process ToolSource="c:\program files (x86)\arcgis\desktop10.3\ArcToolbox\Toolboxes\Data Management Tools.tbx\DeleteField" Date="20190611" Time="171945">DeleteField X:\2019\100K\VERSION_100K_JUNIO_2019.gdb\Cobertura_Vegetal\Bosque CAMBIO</Process><Process ToolSource="c:\program files (x86)\arcgis\desktop10.3\ArcToolbox\Toolboxes\Data Management Tools.tbx\DeleteField" Date="20190611" Time="184142">DeleteField X:\2019\100K\VERSION_100K_JUNIO_2019.gdb\Cobertura_Vegetal\Bosque BK_MULTI</Process><Process ToolSource="c:\program files (x86)\arcgis\desktop10.3\ArcToolbox\Toolboxes\Data Management Tools.tbx\DeleteField" Date="20190611" Time="192110">DeleteField X:\2019\100K\VERSION_100K_JUNIO_2019.gdb\Cobertura_Vegetal\Bosque ID_MULTI</Process><Process ToolSource="c:\program files (x86)\arcgis\desktop10.3\ArcToolbox\Toolboxes\Data Management Tools.tbx\DeleteField" Date="20190612" Time="195522">DeleteField X:\2019\100K\VERSION_100K_JUNIO_2019.gdb\Cobertura_Vegetal\Bosque FECHA_MODIFICACION</Process><Process ToolSource="c:\program files (x86)\arcgis\desktop10.5\ArcToolbox\Toolboxes\Data Management Tools.tbx\DeleteField" Date="20190613" Time="131902">DeleteField D:\Prueba\VERSION_100K_JUNIO_2019.gdb\Cobertura_Vegetal\Bosque ESCALA</Process><Process ToolSource="c:\program files (x86)\arcgis\desktop10.5\ArcToolbox\Toolboxes\Data Management Tools.tbx\DeleteField" Date="20190613" Time="131904">DeleteField D:\Prueba\VERSION_100K_JUNIO_2019.gdb\Cobertura_Vegetal\Bosque VIGENCIA</Process><Process ToolSource="c:\program files (x86)\arcgis\desktop10.5\ArcToolbox\Toolboxes\Data Management Tools.tbx\DeleteField" Date="20190613" Time="131907">DeleteField D:\Prueba\VERSION_100K_JUNIO_2019.gdb\Cobertura_Vegetal\Bosque ESCALA_150</Process><Process ToolSource="c:\program files (x86)\arcgis\desktop10.5\ArcToolbox\Toolboxes\Data Management Tools.tbx\DeleteField" Date="20190613" Time="131910">DeleteField D:\Prueba\VERSION_100K_JUNIO_2019.gdb\Cobertura_Vegetal\Bosque ESCALA_200</Process><Process ToolSource="c:\program files (x86)\arcgis\desktop10.5\ArcToolbox\Toolboxes\Data Management Tools.tbx\DeleteField" Date="20190613" Time="131912">DeleteField D:\Prueba\VERSION_100K_JUNIO_2019.gdb\Cobertura_Vegetal\Bosque ESCALA_300</Process><Process ToolSource="c:\program files (x86)\arcgis\desktop10.5\ArcToolbox\Toolboxes\Data Management Tools.tbx\DeleteField" Date="20190613" Time="131915">DeleteField D:\Prueba\VERSION_100K_JUNIO_2019.gdb\Cobertura_Vegetal\Bosque ESCALA_350</Process><Process ToolSource="c:\program files (x86)\arcgis\desktop10.5\ArcToolbox\Toolboxes\Data Management Tools.tbx\DeleteField" Date="20190613" Time="131917">DeleteField D:\Prueba\VERSION_100K_JUNIO_2019.gdb\Cobertura_Vegetal\Bosque ESCALA_400</Process><Process ToolSource="c:\program files (x86)\arcgis\desktop10.5\ArcToolbox\Toolboxes\Data Management Tools.tbx\DeleteField" Date="20190613" Time="131920">DeleteField D:\Prueba\VERSION_100K_JUNIO_2019.gdb\Cobertura_Vegetal\Bosque ESCALA_500</Process><Process ToolSource="c:\program files (x86)\arcgis\desktop10.5\ArcToolbox\Toolboxes\Data Management Tools.tbx\DeleteField" Date="20190613" Time="131922">DeleteField D:\Prueba\VERSION_100K_JUNIO_2019.gdb\Cobertura_Vegetal\Bosque ESCALA_750</Process><Process ToolSource="c:\program files (x86)\arcgis\desktop10.5\ArcToolbox\Toolboxes\Data Management Tools.tbx\DeleteField" Date="20190613" Time="131925">DeleteField D:\Prueba\VERSION_100K_JUNIO_2019.gdb\Cobertura_Vegetal\Bosque ESCALA_100</Process><Process ToolSource="c:\program files (x86)\arcgis\desktop10.2\ArcToolbox\Toolboxes\Analysis Tools.tbx\Clip" Date="20230429" Time="100934">Clip Bosque eab_ZonaEstudio D:\R.GISPython\GISMobile\GIS_EAB_CO\GDB.gdb\General\Bosque #</Process><Process ToolSource="c:\program files (x86)\arcgis\desktop10.2\ArcToolbox\Toolboxes\Conversion Tools.tbx\FeatureClassToFeatureClass" Date="20230430" Time="103246">FeatureClassToFeatureClass D:\R.GISPython\GISMobile\GIS_EAB_CO\GDB.gdb\General\Bosque D:\R.GISPython\GISMobile\GIS_EAB_CO\SHP Bosque.shp # "PROYECTO "PROYECTO" true true false 30 Text 0 0 ,First,#,D:\R.GISPython\GISMobile\GIS_EAB_CO\GDB.gdb\General\Bosque,PROYECTO,-1,-1;SYMBOL "Symbol" true true false 255 Text 0 0 ,First,#,D:\R.GISPython\GISMobile\GIS_EAB_CO\GDB.gdb\General\Bosque,SYMBOL,-1,-1;FECHA "FECHA" true true false 8 Date 0 0 ,First,#,D:\R.GISPython\GISMobile\GIS_EAB_CO\GDB.gdb\General\Bosque,FECHA,-1,-1;RULEID "RuleID" true true false 4 Long 0 0 ,First,#,D:\R.GISPython\GISMobile\GIS_EAB_CO\GDB.gdb\General\Bosque,RULEID,-1,-1;PK_CUE "PK_CUE" true true false 8 Double 0 0 ,First,#,D:\R.GISPython\GISMobile\GIS_EAB_CO\GDB.gdb\General\Bosque,PK_CUE,-1,-1;RULEID_1 "RULEID_1" true true false 4 Long 0 0 ,First,#,D:\R.GISPython\GISMobile\GIS_EAB_CO\GDB.gdb\General\Bosque,RULEID_1,-1,-1;SHAPE_Leng "SHAPE_Length" false true true 8 Double 0 0 ,First,#,D:\R.GISPython\GISMobile\GIS_EAB_CO\GDB.gdb\General\Bosque,SHAPE_Length,-1,-1;SHAPE_Area "SHAPE_Area" false true true 8 Double 0 0 ,First,#,D:\R.GISPython\GISMobile\GIS_EAB_CO\GDB.gdb\General\Bosque,SHAPE_Area,-1,-1" #</Process><Process ToolSource="c:\program files (x86)\arcgis\desktop10.2\ArcToolbox\Toolboxes\Data Management Tools.tbx\AddField" Date="20230430" Time="103409">AddField D:\R.GISPython\GISMobile\GIS_EAB_CO\SHP\Bosque.shp Nombre TEXT # # 100 # NULLABLE NON_REQUIRED #</Process><Process ToolSource="c:\program files (x86)\arcgis\desktop10.2\ArcToolbox\Toolboxes\Data Management Tools.tbx\CalculateField" Date="20230430" Time="103511">CalculateField Bosque Nombre "Bosque" VB #</Process><Process ToolSource="c:\program files (x86)\arcgis\desktop10.2\ArcToolbox\Toolboxes\Data Management Tools.tbx\CopyFeatures" Date="20230430" Time="103538">CopyFeatures Bosque D:\R.GISPython\GISMobile\GIS_EAB_CO\GDB_Simple.gdb\General\Bosque # 0 0 0</Process><Process ToolSource="c:\program files (x86)\arcgis\desktop10.2\ArcToolbox\Toolboxes\Data Management Tools.tbx\CopyFeatures" Date="20230501" Time="061456">CopyFeatures D:\R.GISPython\GISMobile\GISMobile_EAB_CO\GDB.gdb\General\Bosque D:\R.GISPython\GISMobile\GISMobile_EAB_CO\SHP\Bosque.shp # 0 0 0</Process></lineage><itemProps><itemName Sync="TRUE">Bosque</itemName><imsContentType Sync="TRUE">002</imsContentType><itemLocation><linkage Sync="TRUE">file://\\ADMIN\D$\R.GISPython\GISMobile\GISMobile_EAB_CO\SHP\Bosque.shp</linkage><protocol Sync="TRUE">Local Area Network</protocol></itemLocation><itemSize Sync="TRUE">0.000</itemSize></itemProps><coordRef><type Sync="TRUE">Projected</type><geogcsn Sync="TRUE">GCS_MAGNA</geogcsn><peXml Sync="TRUE">&lt;ProjectedCoordinateSystem xsi:type='typens:ProjectedCoordinateSystem' xmlns:xsi='http://www.w3.org/2001/XMLSchema-instance' xmlns:xs='http://www.w3.org/2001/XMLSchema' xmlns:typens='http://www.esri.com/schemas/ArcGIS/10.1'&gt;&lt;WKT&gt;PROJCS[&amp;quot;MAGNA_Colombia_Origen_Unico&amp;quot;,GEOGCS[&amp;quot;GCS_MAGNA&amp;quot;,DATUM[&amp;quot;D_MAGNA&amp;quot;,SPHEROID[&amp;quot;GRS_1980&amp;quot;,6378137.0,298.257222101]],PRIMEM[&amp;quot;Greenwich&amp;quot;,0.0],UNIT[&amp;quot;Degree&amp;quot;,0.0174532925199433]],PROJECTION[&amp;quot;Transverse_Mercator&amp;quot;],PARAMETER[&amp;quot;False_Easting&amp;quot;,5000000.0],PARAMETER[&amp;quot;False_Northing&amp;quot;,2000000.0],PARAMETER[&amp;quot;Central_Meridian&amp;quot;,-73.0],PARAMETER[&amp;quot;Scale_Factor&amp;quot;,0.9992],PARAMETER[&amp;quot;Latitude_Of_Origin&amp;quot;,4.0],UNIT[&amp;quot;Meter&amp;quot;,1.0]]&lt;/WKT&gt;&lt;XOrigin&gt;-618700&lt;/XOrigin&gt;&lt;YOrigin&gt;-8436100&lt;/YOrigin&gt;&lt;XYScale&gt;450623577.52990448&lt;/XYScale&gt;&lt;ZOrigin&gt;-100000&lt;/ZOrigin&gt;&lt;ZScale&gt;10000&lt;/ZScale&gt;&lt;MOrigin&gt;-100000&lt;/MOrigin&gt;&lt;MScale&gt;10000&lt;/MScale&gt;&lt;XYTolerance&gt;0.001&lt;/XYTolerance&gt;&lt;ZTolerance&gt;0.001&lt;/ZTolerance&gt;&lt;MTolerance&gt;0.001&lt;/MTolerance&gt;&lt;HighPrecision&gt;true&lt;/HighPrecision&gt;&lt;/ProjectedCoordinateSystem&gt;</peXml><csUnits Sync="TRUE">Linear Unit: Meter (1.000000)</csUnits><projcsn Sync="TRUE">MAGNA_Colombia_Origen_Unico</projcsn></coordRef></DataProperties><SyncDate>20230501</SyncDate><SyncTime>06145500</SyncTime><ModDate>20230501</ModDate><ModTime>06145500</ModTime><ArcGISFormat>1.0</ArcGISFormat><ArcGISstyle>ISO 19139 Metadata Implementation Specification</ArcGISstyle></Esri><idinfo><citation><citeinfo><onlink Sync="TRUE">\\CARTO112\V\ECOPETROL 2010\FILE GEODATABASE\ENTREGA FINAL\ENTREGA2.gdb</onlink></citeinfo></citation></idinfo><distInfo><distributor><distorTran><onLineSrc><linkage Sync="TRUE">file://\\CARTO112\V\ECOPETROL 2010\FILE GEODATABASE\ENTREGA FINAL\ENTREGA2.gdb</linkage><protocol Sync="TRUE">Local Area Network</protocol></onLineSrc></distorTran></distributor><distFormat><formatName Sync="TRUE">Shapefile</formatName></distFormat><distTranOps><transSize Sync="TRUE">0.000</transSize></distTranOps></distInfo><dataqual><lineage><procstep><procdesc Sync="TRUE">Dataset copied.</procdesc><srcused Sync="TRUE">\\CARTO112\X\CARTOGRAFIA_100000\PROYECTO 2010\Pruebas\26-01-2010\100K_SIRGAS.mdb</srcused><date Sync="TRUE">20100126</date><time Sync="TRUE">18251900</time></procstep><procstep><procdesc Sync="TRUE">Dataset copied.</procdesc><srcused Sync="TRUE">\\CARTO112\X\CARTOGRAFIA_100000\PROYECTO 2010\Pruebas\26-01-2010\100K_MAGNA_COLOMBIA_BOGOTA_2D.mdb</srcused><date Sync="TRUE">20100126</date><time Sync="TRUE">18304600</time></procstep><procstep><procdesc Sync="TRUE">Dataset copied.</procdesc><srcused Sync="TRUE">\\CARTO112\V\ECOPETROL 2010\FILE GEODATABASE\ENTREGA 2\BOSQUES.gdb</srcused><date Sync="TRUE">20100531</date><time Sync="TRUE">16531100</time></procstep></lineage></dataqual><dataIdInfo><envirDesc Sync="TRUE"> Version 6.2 (Build 9200) ; Esri ArcGIS 10.2.2.3552</envirDesc><dataLang><languageCode value="es" country="CO"></languageCode><countryCode value="COL" Sync="TRUE"></countryCode></dataLang><idCitation><resTitle Sync="TRUE">Bosque</resTitle><presForm><PresFormCd value="005"></PresFormCd></presForm></idCitation><descKeys><thesaName uuidref="723f6998-058e-11dc-8314-0800200c9a66"></thesaName><keyword Sync="TRUE">002</keyword></descKeys><spatRpType><SpatRepTypCd value="001"></SpatRepTypCd></spatRpType></dataIdInfo><mdLang><languageCode value="es"></languageCode><countryCode value="COL" Sync="TRUE"></countryCode></mdLang><mdHrLv><ScopeCd value="005"></ScopeCd></mdHrLv><mdHrLvName Sync="TRUE">dataset</mdHrLvName><refSysInfo><RefSystem><refSysID><identCode code="4686"></identCode><idCodeSpace Sync="TRUE">EPSG</idCodeSpace><idVersion Sync="TRUE">7.4.1</idVersion></refSysID></RefSystem></refSysInfo><spdoinfo><ptvctinf><esriterm Name="Bosque"><efeatyp Sync="TRUE">Simple</efeatyp><efeageom code="4" Sync="TRUE"></efeageom><esritopo Sync="TRUE">FALSE</esritopo><efeacnt Sync="TRUE">0</efeacnt><spindex Sync="TRUE">FALSE</spindex><linrefer Sync="TRUE">FALSE</linrefer></esriterm></ptvctinf></spdoinfo><spatRepInfo><VectSpatRep><geometObjs Name="Bosque"><geoObjTyp><GeoObjTypCd value="002" Sync="TRUE"></GeoObjTypCd></geoObjTyp><geoObjCnt Sync="TRUE">0</geoObjCnt></geometObjs><topLvl><TopoLevCd value="001" Sync="TRUE"></TopoLevCd></topLvl></VectSpatRep></spatRepInfo><eainfo><detailed Name="Bosque"><enttyp><enttypl Sync="TRUE">Bosque</enttypl><enttypt Sync="TRUE">Feature Class</enttypt><enttypc Sync="TRUE">0</enttypc></enttyp><attr><attrlabl Sync="TRUE">FID</attrlabl><attalias Sync="TRUE">FID</attalias><attrtype Sync="TRUE">OID</attrtype><attwidth Sync="TRUE">4</attwidth><atprecis Sync="TRUE">0</atprecis><attscale Sync="TRUE">0</attscale><attrdef Sync="TRUE">Internal feature number.</attrdef><attrdefs Sync="TRUE">Esri</attrdefs><attrdomv><udom Sync="TRUE">Sequential unique whole numbers that are automatically generated.</udom></attrdomv></attr><attr><attrlabl Sync="TRUE">Shape</attrlabl><attalias Sync="TRUE">Shape</attalias><attrtype Sync="TRUE">Geometry</attrtype><attwidth Sync="TRUE">0</attwidth><atprecis Sync="TRUE">0</atprecis><attscale Sync="TRUE">0</attscale><attrdef Sync="TRUE">Feature geometry.</attrdef><attrdefs Sync="TRUE">ESRI</attrdefs><attrdomv><udom Sync="TRUE">Coordinates defining the features.</udom></attrdomv></attr><attr><attrlabl Sync="TRUE">SHAPE_Leng</attrlabl><attalias Sync="TRUE">SHAPE_Leng</attalias><attrtype Sync="TRUE">Double</attrtype><attwidth Sync="TRUE">19</attwidth><atprecis Sync="TRUE">0</atprecis><attscale Sync="TRUE">0</attscale></attr><attr><attrlabl Sync="TRUE">Nombre</attrlabl><attalias Sync="TRUE">Nombre</attalias><attrtype Sync="TRUE">String</attrtype><attwidth Sync="TRUE">100</attwidth><atprecis Sync="TRUE">0</atprecis><attscale Sync="TRUE">0</attscale></attr><attr><attrlabl Sync="TRUE">Shape_Le_1</attrlabl><attalias Sync="TRUE">Shape_Le_1</attalias><attrtype Sync="TRUE">Double</attrtype><attwidth Sync="TRUE">19</attwidth><atprecis Sync="TRUE">0</atprecis><attscale Sync="TRUE">0</attscale></attr><attr><attrlabl Sync="TRUE">Shape_Area</attrlabl><attalias Sync="TRUE">Shape_Area</attalias><attrtype Sync="TRUE">Double</attrtype><attwidth Sync="TRUE">19</attwidth><atprecis Sync="TRUE">0</atprecis><attscale Sync="TRUE">0</attscale><attrdef Sync="TRUE">Area of feature in internal units squared.</attrdef><attrdefs Sync="TRUE">ESRI</attrdefs><attrdomv><udom Sync="TRUE">Positive real numbers that are automatically generated.</udom></attrdomv></attr></detailed></eainfo><mdDateSt Sync="TRUE">20230501</mdDateSt></metadata>
