<metadata xml:lang="es"><Esri><CreaDate>20230415</CreaDate><CreaTime>17485400</CreaTime><ArcGISFormat>1.0</ArcGISFormat><SyncOnce>FALSE</SyncOnce><DataProperties><lineage><Process ToolSource="c:\program files\arcgis\pro\Resources\ArcToolbox\toolboxes\Data Management Tools.tbx\CreateFeatureclass" Date="20230415" Time="174854">CreateFeatureclass R:\EAB_AmazonasChingaza\SIG\map\ArcGISPro\ArcGISPro.gdb eab_sih_estaciones_XYTableToPoint Point GPLYR_{8AA648ED-292E-400E-83DA-D4617AC55258} No No "PROJCS["MAGNA_Colombia_Bogota",GEOGCS["GCS_MAGNA",DATUM["D_MAGNA",SPHEROID["GRS_1980",6378137.0,298.257222101]],PRIMEM["Greenwich",0.0],UNIT["Degree",0.0174532925199433]],PROJECTION["Transverse_Mercator"],PARAMETER["False_Easting",1000000.0],PARAMETER["False_Northing",1000000.0],PARAMETER["Central_Meridian",-74.07750791666666],PARAMETER["Scale_Factor",1.0],PARAMETER["Latitude_Of_Origin",4.596200416666666],UNIT["Meter",1.0]];-4623200 -9510300 10000;-100000 10000;-100000 10000;0.001;0.001;0.001;IsHighPrecision" # 0 0 0 #</Process><Process ToolSource="c:\program files\arcgis\pro\Resources\ArcToolbox\toolboxes\Data Management Tools.tbx\XYTableToPoint" Date="20230415" Time="174855">XYTableToPoint eab_sih_estaciones.csv R:\EAB_AmazonasChingaza\SIG\map\ArcGISPro\ArcGISPro.gdb\eab_sih_estaciones_XYTableToPoint cx3116 cy3116 # "PROJCS["MAGNA_Colombia_Bogota",GEOGCS["GCS_MAGNA",DATUM["D_MAGNA",SPHEROID["GRS_1980",6378137.0,298.257222101]],PRIMEM["Greenwich",0.0],UNIT["Degree",0.0174532925199433]],PROJECTION["Transverse_Mercator"],PARAMETER["False_Easting",1000000.0],PARAMETER["False_Northing",1000000.0],PARAMETER["Central_Meridian",-74.07750791666666],PARAMETER["Scale_Factor",1.0],PARAMETER["Latitude_Of_Origin",4.596200416666666],UNIT["Meter",1.0]];-4623200 -9510300 10000;-100000 10000;-100000 10000;0.001;0.001;0.001;IsHighPrecision"</Process><Process ToolSource="c:\program files\arcgis\pro\Resources\ArcToolbox\toolboxes\Conversion Tools.tbx\ExportFeatures" Date="20230415" Time="174950">ExportFeatures eab_sih_estaciones_XYTableToPoint R:\EAB_AmazonasChingaza\SIG\gdb\GDB.gdb\EAB\eab_sih_estaciones # NOT_USE_ALIAS "cod_elemento "cod_elemento" true true false 4 Long 0 0,First,#,eab_sih_estaciones_XYTableToPoint,cod_elemento,-1,-1;cod_eaab "cod_eaab" true true false 8000 Text 0 0,First,#,eab_sih_estaciones_XYTableToPoint,cod_eaab,0,8000;cod_ideam "cod_ideam" true true false 8000 Text 0 0,First,#,eab_sih_estaciones_XYTableToPoint,cod_ideam,0,8000;cod_estac_ref_nq "cod_estac_ref_nq" true true false 8000 Text 0 0,First,#,eab_sih_estaciones_XYTableToPoint,cod_estac_ref_nq,0,8000;nombre_elemento "nombre_elemento" true true false 8000 Text 0 0,First,#,eab_sih_estaciones_XYTableToPoint,nombre_elemento,0,8000;cy3116 "cy3116" true true false 4 Long 0 0,First,#,eab_sih_estaciones_XYTableToPoint,cy3116,-1,-1;cx3116 "cx3116" true true false 4 Long 0 0,First,#,eab_sih_estaciones_XYTableToPoint,cx3116,-1,-1;cz "cz" true true false 8 Double 0 0,First,#,eab_sih_estaciones_XYTableToPoint,cz,-1,-1;cod_entidad "cod_entidad" true true false 4 Long 0 0,First,#,eab_sih_estaciones_XYTableToPoint,cod_entidad,-1,-1;nombre_entidad "nombre_entidad" true true false 8000 Text 0 0,First,#,eab_sih_estaciones_XYTableToPoint,nombre_entidad,0,8000;fecha_inicial "fecha_inicial" true true false 8000 Text 0 0,First,#,eab_sih_estaciones_XYTableToPoint,fecha_inicial,0,8000;fecha_final "fecha_final" true true false 8000 Text 0 0,First,#,eab_sih_estaciones_XYTableToPoint,fecha_final,0,8000;cod_grupo "cod_grupo" true true false 4 Long 0 0,First,#,eab_sih_estaciones_XYTableToPoint,cod_grupo,-1,-1;nombre_grupo "nombre_grupo" true true false 8000 Text 0 0,First,#,eab_sih_estaciones_XYTableToPoint,nombre_grupo,0,8000;cod_zona "cod_zona" true true false 4 Long 0 0,First,#,eab_sih_estaciones_XYTableToPoint,cod_zona,-1,-1;nombre_zona "nombre_zona" true true false 8000 Text 0 0,First,#,eab_sih_estaciones_XYTableToPoint,nombre_zona,0,8000;cod_tipoest "cod_tipoest" true true false 8000 Text 0 0,First,#,eab_sih_estaciones_XYTableToPoint,cod_tipoest,0,8000;nombre_tipoest "nombre_tipoest" true true false 8000 Text 0 0,First,#,eab_sih_estaciones_XYTableToPoint,nombre_tipoest,0,8000;suspendida "suspendida" true true false 8000 Text 0 0,First,#,eab_sih_estaciones_XYTableToPoint,suspendida,0,8000;area_tributaria "area_tributaria" true true false 8000 Text 0 0,First,#,eab_sih_estaciones_XYTableToPoint,area_tributaria,0,8000" #</Process><Process ToolSource="c:\program files (x86)\arcgis\desktop10.2\ArcToolbox\Toolboxes\Data Management Tools.tbx\CalculateField" Date="20230417" Time="173433">CalculateField eab_sih_estaciones Distm 0 VB #</Process><Process ToolSource="c:\program files (x86)\arcgis\desktop10.2\ArcToolbox\Toolboxes\Data Management Tools.tbx\CalculateField" Date="20230417" Time="173451">CalculateField eab_sih_estaciones Distm Null VB #</Process><Process ToolSource="c:\program files (x86)\arcgis\desktop10.2\ArcToolbox\Toolboxes\Data Management Tools.tbx\CalculateField" Date="20230417" Time="173503">CalculateField eab_sih_estaciones Distm Null VB #</Process><Process ToolSource="c:\program files (x86)\arcgis\desktop10.2\ArcToolbox\Toolboxes\Data Management Tools.tbx\CalculateField" Date="20230417" Time="173631">CalculateField eab_sih_estaciones Distm (abs( [cy3116] - [CYEXT] )^0.5+abs( [cx3116] - [CXEXT] )^0.5)^0.5 VB #</Process><Process ToolSource="c:\program files (x86)\arcgis\desktop10.2\ArcToolbox\Toolboxes\Data Management Tools.tbx\CalculateField" Date="20230417" Time="174233">CalculateField eab_sih_estaciones Distm (abs( [cy3116] - [CYEXT] )^0.5+abs( [cx3116] - [CXEXT] )^0.5)^0.5 VB #</Process><Process ToolSource="c:\program files\arcgis\pro\Resources\ArcToolbox\Toolboxes\Data Management Tools.tbx\UpdateSchema" Date="20230419" Time="095624">UpdateSchema "CIMDATA=&lt;CIMFeatureDatasetDataConnection xsi:type='typens:CIMFeatureDatasetDataConnection' xmlns:xsi='http://www.w3.org/2001/XMLSchema-instance' xmlns:xs='http://www.w3.org/2001/XMLSchema' xmlns:typens='http://www.esri.com/schemas/ArcGIS/3.1.0'&gt;&lt;FeatureDataset&gt;EAB&lt;/FeatureDataset&gt;&lt;WorkspaceConnectionString&gt;DATABASE=R:\EAB_AmazonasChingaza\SIG\gdb\GDB.gdb&lt;/WorkspaceConnectionString&gt;&lt;WorkspaceFactory&gt;FileGDB&lt;/WorkspaceFactory&gt;&lt;Dataset&gt;eab_sih_estaciones&lt;/Dataset&gt;&lt;DatasetType&gt;esriDTFeatureClass&lt;/DatasetType&gt;&lt;/CIMFeatureDatasetDataConnection&gt;" &lt;operationSequence&gt;&lt;workflow&gt;&lt;AddField&gt;&lt;field_name&gt;latitud&lt;/field_name&gt;&lt;field_type&gt;DOUBLE&lt;/field_type&gt;&lt;field_is_nullable&gt;True&lt;/field_is_nullable&gt;&lt;field_is_required&gt;False&lt;/field_is_required&gt;&lt;/AddField&gt;&lt;/workflow&gt;&lt;workflow&gt;&lt;AddField&gt;&lt;field_name&gt;longitud&lt;/field_name&gt;&lt;field_type&gt;DOUBLE&lt;/field_type&gt;&lt;field_is_nullable&gt;True&lt;/field_is_nullable&gt;&lt;field_is_required&gt;False&lt;/field_is_required&gt;&lt;/AddField&gt;&lt;/workflow&gt;&lt;/operationSequence&gt;</Process><Process ToolSource="c:\program files\arcgis\pro\Resources\ArcToolbox\toolboxes\Data Management Tools.tbx\CalculateGeometryAttributes" Date="20230419" Time="095845">CalculateGeometryAttributes eab_sih_estaciones "latitud POINT_Y;longitud POINT_X" # # GEOGCS["GCS_WGS_1984",DATUM["D_WGS_1984",SPHEROID["WGS_1984",6378137.0,298.257223563]],PRIMEM["Greenwich",0.0],UNIT["Degree",0.0174532925199433]] "Decimal Degrees"</Process><Process ToolSource="c:\program files\arcgis\pro\Resources\ArcToolbox\toolboxes\Data Management Tools.tbx\CalculateGeometryAttributes" Date="20230421" Time="080740">CalculateGeometryAttributes "Catálogo de estaciones EAB - SIH" "cy3116 POINT_Y;cx3116 POINT_X" # # PROJCS["MAGNA_Colombia_Bogota",GEOGCS["GCS_MAGNA",DATUM["D_MAGNA",SPHEROID["GRS_1980",6378137.0,298.257222101]],PRIMEM["Greenwich",0.0],UNIT["Degree",0.0174532925199433]],PROJECTION["Transverse_Mercator"],PARAMETER["False_Easting",1000000.0],PARAMETER["False_Northing",1000000.0],PARAMETER["Central_Meridian",-74.07750791666666],PARAMETER["Scale_Factor",1.0],PARAMETER["Latitude_Of_Origin",4.596200416666666],UNIT["Meter",1.0]] "Same as input"</Process><Process ToolSource="c:\program files\arcgis\pro\Resources\ArcToolbox\toolboxes\Data Management Tools.tbx\CalculateGeometryAttributes" Date="20230421" Time="080820">CalculateGeometryAttributes "Catálogo de estaciones EAB - SIH" "latitud POINT_Y;longitud POINT_X" # # GEOGCS["GCS_WGS_1984",DATUM["D_WGS_1984",SPHEROID["WGS_1984",6378137.0,298.257223563]],PRIMEM["Greenwich",0.0],UNIT["Degree",0.0174532925199433]] "Decimal Degrees"</Process><Process ToolSource="c:\program files\arcgis\pro\Resources\ArcToolbox\toolboxes\Data Management Tools.tbx\UpdateSchema" Date="20230421" Time="081037">UpdateSchema "CIMDATA=&lt;CIMFeatureDatasetDataConnection xsi:type='typens:CIMFeatureDatasetDataConnection' xmlns:xsi='http://www.w3.org/2001/XMLSchema-instance' xmlns:xs='http://www.w3.org/2001/XMLSchema' xmlns:typens='http://www.esri.com/schemas/ArcGIS/3.1.0'&gt;&lt;FeatureDataset&gt;EAB&lt;/FeatureDataset&gt;&lt;WorkspaceConnectionString&gt;DATABASE=R:\EAB_AmazonasChingaza\SIG\gdb\GDB.gdb&lt;/WorkspaceConnectionString&gt;&lt;WorkspaceFactory&gt;FileGDB&lt;/WorkspaceFactory&gt;&lt;Dataset&gt;eab_sih_estaciones&lt;/Dataset&gt;&lt;DatasetType&gt;esriDTFeatureClass&lt;/DatasetType&gt;&lt;/CIMFeatureDatasetDataConnection&gt;" &lt;operationSequence&gt;&lt;workflow&gt;&lt;AddField&gt;&lt;field_name&gt;cy9377&lt;/field_name&gt;&lt;field_type&gt;DOUBLE&lt;/field_type&gt;&lt;field_is_nullable&gt;True&lt;/field_is_nullable&gt;&lt;field_is_required&gt;False&lt;/field_is_required&gt;&lt;/AddField&gt;&lt;/workflow&gt;&lt;workflow&gt;&lt;AddField&gt;&lt;field_name&gt;cx9377&lt;/field_name&gt;&lt;field_type&gt;DOUBLE&lt;/field_type&gt;&lt;field_is_nullable&gt;True&lt;/field_is_nullable&gt;&lt;field_is_required&gt;False&lt;/field_is_required&gt;&lt;/AddField&gt;&lt;/workflow&gt;&lt;/operationSequence&gt;</Process><Process ToolSource="c:\program files\arcgis\pro\Resources\ArcToolbox\toolboxes\Data Management Tools.tbx\CalculateGeometryAttributes" Date="20230421" Time="081207">CalculateGeometryAttributes "Catálogo de estaciones EAB - SIH" "cy9377 POINT_Y;cx9377 POINT_X" # # PROJCS["MAGNA-SIRGAS_Origen-Nacional",GEOGCS["GCS_MAGNA",DATUM["D_MAGNA",SPHEROID["GRS_1980",6378137.0,298.257222101]],PRIMEM["Greenwich",0.0],UNIT["Degree",0.0174532925199433]],PROJECTION["Transverse_Mercator"],PARAMETER["False_Easting",5000000.0],PARAMETER["False_Northing",2000000.0],PARAMETER["Central_Meridian",-73.0],PARAMETER["Scale_Factor",0.9992],PARAMETER["Latitude_Of_Origin",4.0],UNIT["Meter",1.0]] "Same as input"</Process><Process ToolSource="c:\program files (x86)\arcgis\desktop10.2\ArcToolbox\Toolboxes\Data Management Tools.tbx\CopyFeatures" Date="20230428" Time="091502">CopyFeatures R:\EAB_AmazonasChingaza\SIG\gdb\GDB.gdb\EAB\eab_sih_estaciones D:\R.GISPython\GISMobile\EAB_CO\GDB.gdb\EAB\eab_sih_estaciones # 0 0 0</Process><Process ToolSource="c:\program files (x86)\arcgis\desktop10.2\ArcToolbox\Toolboxes\Data Management Tools.tbx\CopyFeatures" Date="20230501" Time="061503">CopyFeatures D:\R.GISPython\GISMobile\GISMobile_EAB_CO\GDB.gdb\EAB\eab_sih_estaciones D:\R.GISPython\GISMobile\GISMobile_EAB_CO\SHP\eab_sih_estaciones.shp # 0 0 0</Process></lineage><itemProps><itemName Sync="TRUE">eab_sih_estaciones</itemName><imsContentType Sync="TRUE">002</imsContentType><itemLocation><linkage Sync="TRUE">file://\\ADMIN\D$\R.GISPython\GISMobile\GISMobile_EAB_CO\SHP\eab_sih_estaciones.shp</linkage><protocol Sync="TRUE">Local Area Network</protocol></itemLocation><itemSize Sync="TRUE">0.000</itemSize></itemProps><coordRef><type Sync="TRUE">Projected</type><geogcsn Sync="TRUE">GCS_MAGNA</geogcsn><csUnits Sync="TRUE">Linear Unit: Meter (1.000000)</csUnits><peXml Sync="TRUE">&lt;ProjectedCoordinateSystem xsi:type='typens:ProjectedCoordinateSystem' xmlns:xsi='http://www.w3.org/2001/XMLSchema-instance' xmlns:xs='http://www.w3.org/2001/XMLSchema' xmlns:typens='http://www.esri.com/schemas/ArcGIS/10.1'&gt;&lt;WKT&gt;PROJCS[&amp;quot;MAGNA_Colombia_Origen_Unico&amp;quot;,GEOGCS[&amp;quot;GCS_MAGNA&amp;quot;,DATUM[&amp;quot;D_MAGNA&amp;quot;,SPHEROID[&amp;quot;GRS_1980&amp;quot;,6378137.0,298.257222101]],PRIMEM[&amp;quot;Greenwich&amp;quot;,0.0],UNIT[&amp;quot;Degree&amp;quot;,0.0174532925199433]],PROJECTION[&amp;quot;Transverse_Mercator&amp;quot;],PARAMETER[&amp;quot;False_Easting&amp;quot;,5000000.0],PARAMETER[&amp;quot;False_Northing&amp;quot;,2000000.0],PARAMETER[&amp;quot;Central_Meridian&amp;quot;,-73.0],PARAMETER[&amp;quot;Scale_Factor&amp;quot;,0.9992],PARAMETER[&amp;quot;Latitude_Of_Origin&amp;quot;,4.0],UNIT[&amp;quot;Meter&amp;quot;,1.0]]&lt;/WKT&gt;&lt;XOrigin&gt;-618700&lt;/XOrigin&gt;&lt;YOrigin&gt;-8436100&lt;/YOrigin&gt;&lt;XYScale&gt;450623577.52990448&lt;/XYScale&gt;&lt;ZOrigin&gt;-100000&lt;/ZOrigin&gt;&lt;ZScale&gt;10000&lt;/ZScale&gt;&lt;MOrigin&gt;-100000&lt;/MOrigin&gt;&lt;MScale&gt;10000&lt;/MScale&gt;&lt;XYTolerance&gt;0.001&lt;/XYTolerance&gt;&lt;ZTolerance&gt;0.001&lt;/ZTolerance&gt;&lt;MTolerance&gt;0.001&lt;/MTolerance&gt;&lt;HighPrecision&gt;true&lt;/HighPrecision&gt;&lt;/ProjectedCoordinateSystem&gt;</peXml><projcsn Sync="TRUE">MAGNA_Colombia_Origen_Unico</projcsn></coordRef></DataProperties><SyncDate>20230501</SyncDate><SyncTime>06150300</SyncTime><ModDate>20230501</ModDate><ModTime>06150300</ModTime></Esri><dataIdInfo><envirDesc Sync="TRUE"> Version 6.2 (Build 9200) ; Esri ArcGIS 10.2.2.3552</envirDesc><dataLang><languageCode value="spa" Sync="TRUE"></languageCode><countryCode value="COL" Sync="TRUE"></countryCode></dataLang><idCitation><resTitle Sync="TRUE">eab_sih_estaciones</resTitle><presForm><PresFormCd value="005" Sync="TRUE"></PresFormCd></presForm></idCitation><spatRpType><SpatRepTypCd value="001" Sync="TRUE"></SpatRepTypCd></spatRpType></dataIdInfo><mdLang><languageCode value="spa" Sync="TRUE"></languageCode><countryCode value="COL" Sync="TRUE"></countryCode></mdLang><distInfo><distFormat><formatName Sync="TRUE">Shapefile</formatName></distFormat><distTranOps><transSize Sync="TRUE">0.000</transSize></distTranOps></distInfo><mdHrLv><ScopeCd value="005" Sync="TRUE"></ScopeCd></mdHrLv><mdHrLvName Sync="TRUE">dataset</mdHrLvName><refSysInfo><RefSystem><refSysID><identCode code="0" Sync="TRUE"></identCode><idCodeSpace Sync="TRUE">EPSG</idCodeSpace><idVersion Sync="TRUE">6.2(3.0.1)</idVersion></refSysID></RefSystem></refSysInfo><spatRepInfo><VectSpatRep><geometObjs Name="eab_sih_estaciones"><geoObjTyp><GeoObjTypCd value="004" Sync="TRUE"></GeoObjTypCd></geoObjTyp><geoObjCnt Sync="TRUE">0</geoObjCnt></geometObjs><topLvl><TopoLevCd value="001" Sync="TRUE"></TopoLevCd></topLvl></VectSpatRep></spatRepInfo><spdoinfo><ptvctinf><esriterm Name="eab_sih_estaciones"><efeatyp Sync="TRUE">Simple</efeatyp><efeageom code="1" Sync="TRUE"></efeageom><esritopo Sync="TRUE">FALSE</esritopo><efeacnt Sync="TRUE">0</efeacnt><spindex Sync="TRUE">FALSE</spindex><linrefer Sync="TRUE">FALSE</linrefer></esriterm></ptvctinf></spdoinfo><eainfo><detailed Name="eab_sih_estaciones"><enttyp><enttypl Sync="TRUE">eab_sih_estaciones</enttypl><enttypt Sync="TRUE">Feature Class</enttypt><enttypc Sync="TRUE">0</enttypc></enttyp><attr><attrlabl Sync="TRUE">FID</attrlabl><attalias Sync="TRUE">FID</attalias><attrtype Sync="TRUE">OID</attrtype><attwidth Sync="TRUE">4</attwidth><atprecis Sync="TRUE">0</atprecis><attscale Sync="TRUE">0</attscale><attrdef Sync="TRUE">Internal feature number.</attrdef><attrdefs Sync="TRUE">Esri</attrdefs><attrdomv><udom Sync="TRUE">Sequential unique whole numbers that are automatically generated.</udom></attrdomv></attr><attr><attrlabl Sync="TRUE">Shape</attrlabl><attalias Sync="TRUE">Shape</attalias><attrtype Sync="TRUE">Geometry</attrtype><attwidth Sync="TRUE">0</attwidth><atprecis Sync="TRUE">0</atprecis><attscale Sync="TRUE">0</attscale><attrdef Sync="TRUE">Feature geometry.</attrdef><attrdefs Sync="TRUE">Esri</attrdefs><attrdomv><udom Sync="TRUE">Coordinates defining the features.</udom></attrdomv></attr><attr><attrlabl Sync="TRUE">cod_elemen</attrlabl><attalias Sync="TRUE">cod_elemen</attalias><attrtype Sync="TRUE">Integer</attrtype><attwidth Sync="TRUE">9</attwidth><atprecis Sync="TRUE">9</atprecis><attscale Sync="TRUE">0</attscale></attr><attr><attrlabl Sync="TRUE">cod_eaab</attrlabl><attalias Sync="TRUE">cod_eaab</attalias><attrtype Sync="TRUE">String</attrtype><attwidth Sync="TRUE">254</attwidth><atprecis Sync="TRUE">0</atprecis><attscale Sync="TRUE">0</attscale></attr><attr><attrlabl Sync="TRUE">cod_ideam</attrlabl><attalias Sync="TRUE">cod_ideam</attalias><attrtype Sync="TRUE">String</attrtype><attwidth Sync="TRUE">254</attwidth><atprecis Sync="TRUE">0</atprecis><attscale Sync="TRUE">0</attscale></attr><attr><attrlabl Sync="TRUE">cod_estac_</attrlabl><attalias Sync="TRUE">cod_estac_</attalias><attrtype Sync="TRUE">String</attrtype><attwidth Sync="TRUE">254</attwidth><atprecis Sync="TRUE">0</atprecis><attscale Sync="TRUE">0</attscale></attr><attr><attrlabl Sync="TRUE">nombre_ele</attrlabl><attalias Sync="TRUE">nombre_ele</attalias><attrtype Sync="TRUE">String</attrtype><attwidth Sync="TRUE">254</attwidth><atprecis Sync="TRUE">0</atprecis><attscale Sync="TRUE">0</attscale></attr><attr><attrlabl Sync="TRUE">cy3116</attrlabl><attalias Sync="TRUE">cy3116</attalias><attrtype Sync="TRUE">Integer</attrtype><attwidth Sync="TRUE">9</attwidth><atprecis Sync="TRUE">9</atprecis><attscale Sync="TRUE">0</attscale></attr><attr><attrlabl Sync="TRUE">cx3116</attrlabl><attalias Sync="TRUE">cx3116</attalias><attrtype Sync="TRUE">Integer</attrtype><attwidth Sync="TRUE">9</attwidth><atprecis Sync="TRUE">9</atprecis><attscale Sync="TRUE">0</attscale></attr><attr><attrlabl Sync="TRUE">cz</attrlabl><attalias Sync="TRUE">cz</attalias><attrtype Sync="TRUE">Double</attrtype><attwidth Sync="TRUE">19</attwidth><atprecis Sync="TRUE">0</atprecis><attscale Sync="TRUE">0</attscale></attr><attr><attrlabl Sync="TRUE">cod_entida</attrlabl><attalias Sync="TRUE">cod_entida</attalias><attrtype Sync="TRUE">Integer</attrtype><attwidth Sync="TRUE">9</attwidth><atprecis Sync="TRUE">9</atprecis><attscale Sync="TRUE">0</attscale></attr><attr><attrlabl Sync="TRUE">nombre_ent</attrlabl><attalias Sync="TRUE">nombre_ent</attalias><attrtype Sync="TRUE">String</attrtype><attwidth Sync="TRUE">254</attwidth><atprecis Sync="TRUE">0</atprecis><attscale Sync="TRUE">0</attscale></attr><attr><attrlabl Sync="TRUE">fecha_inic</attrlabl><attalias Sync="TRUE">fecha_inic</attalias><attrtype Sync="TRUE">String</attrtype><attwidth Sync="TRUE">254</attwidth><atprecis Sync="TRUE">0</atprecis><attscale Sync="TRUE">0</attscale></attr><attr><attrlabl Sync="TRUE">fecha_fina</attrlabl><attalias Sync="TRUE">fecha_fina</attalias><attrtype Sync="TRUE">String</attrtype><attwidth Sync="TRUE">254</attwidth><atprecis Sync="TRUE">0</atprecis><attscale Sync="TRUE">0</attscale></attr><attr><attrlabl Sync="TRUE">cod_grupo</attrlabl><attalias Sync="TRUE">cod_grupo</attalias><attrtype Sync="TRUE">Integer</attrtype><attwidth Sync="TRUE">9</attwidth><atprecis Sync="TRUE">9</atprecis><attscale Sync="TRUE">0</attscale></attr><attr><attrlabl Sync="TRUE">nombre_gru</attrlabl><attalias Sync="TRUE">nombre_gru</attalias><attrtype Sync="TRUE">String</attrtype><attwidth Sync="TRUE">254</attwidth><atprecis Sync="TRUE">0</atprecis><attscale Sync="TRUE">0</attscale></attr><attr><attrlabl Sync="TRUE">cod_zona</attrlabl><attalias Sync="TRUE">cod_zona</attalias><attrtype Sync="TRUE">Integer</attrtype><attwidth Sync="TRUE">9</attwidth><atprecis Sync="TRUE">9</atprecis><attscale Sync="TRUE">0</attscale></attr><attr><attrlabl Sync="TRUE">nombre_zon</attrlabl><attalias Sync="TRUE">nombre_zon</attalias><attrtype Sync="TRUE">String</attrtype><attwidth Sync="TRUE">254</attwidth><atprecis Sync="TRUE">0</atprecis><attscale Sync="TRUE">0</attscale></attr><attr><attrlabl Sync="TRUE">cod_tipoes</attrlabl><attalias Sync="TRUE">cod_tipoes</attalias><attrtype Sync="TRUE">String</attrtype><attwidth Sync="TRUE">254</attwidth><atprecis Sync="TRUE">0</atprecis><attscale Sync="TRUE">0</attscale></attr><attr><attrlabl Sync="TRUE">nombre_tip</attrlabl><attalias Sync="TRUE">nombre_tip</attalias><attrtype Sync="TRUE">String</attrtype><attwidth Sync="TRUE">254</attwidth><atprecis Sync="TRUE">0</atprecis><attscale Sync="TRUE">0</attscale></attr><attr><attrlabl Sync="TRUE">suspendida</attrlabl><attalias Sync="TRUE">suspendida</attalias><attrtype Sync="TRUE">String</attrtype><attwidth Sync="TRUE">254</attwidth><atprecis Sync="TRUE">0</atprecis><attscale Sync="TRUE">0</attscale></attr><attr><attrlabl Sync="TRUE">area_tribu</attrlabl><attalias Sync="TRUE">area_tribu</attalias><attrtype Sync="TRUE">String</attrtype><attwidth Sync="TRUE">254</attwidth><atprecis Sync="TRUE">0</atprecis><attscale Sync="TRUE">0</attscale></attr><attr><attrlabl Sync="TRUE">ECINote</attrlabl><attalias Sync="TRUE">ECINote</attalias><attrtype Sync="TRUE">String</attrtype><attwidth Sync="TRUE">254</attwidth><atprecis Sync="TRUE">0</atprecis><attscale Sync="TRUE">0</attscale></attr><attr><attrlabl Sync="TRUE">latitud</attrlabl><attalias Sync="TRUE">latitud</attalias><attrtype Sync="TRUE">Double</attrtype><attwidth Sync="TRUE">19</attwidth><atprecis Sync="TRUE">0</atprecis><attscale Sync="TRUE">0</attscale></attr><attr><attrlabl Sync="TRUE">longitud</attrlabl><attalias Sync="TRUE">longitud</attalias><attrtype Sync="TRUE">Double</attrtype><attwidth Sync="TRUE">19</attwidth><atprecis Sync="TRUE">0</atprecis><attscale Sync="TRUE">0</attscale></attr><attr><attrlabl Sync="TRUE">cy9377</attrlabl><attalias Sync="TRUE">cy9377</attalias><attrtype Sync="TRUE">Double</attrtype><attwidth Sync="TRUE">19</attwidth><atprecis Sync="TRUE">0</atprecis><attscale Sync="TRUE">0</attscale></attr><attr><attrlabl Sync="TRUE">cx9377</attrlabl><attalias Sync="TRUE">cx9377</attalias><attrtype Sync="TRUE">Double</attrtype><attwidth Sync="TRUE">19</attwidth><atprecis Sync="TRUE">0</atprecis><attscale Sync="TRUE">0</attscale></attr></detailed></eainfo><mdDateSt Sync="TRUE">20230501</mdDateSt></metadata>
