<metadata xml:lang="es"><Esri><CreaDate>20200530</CreaDate><CreaTime>21204500</CreaTime><ArcGISFormat>1.0</ArcGISFormat><SyncOnce>FALSE</SyncOnce><DataProperties><itemProps><itemName Sync="TRUE">hdg_CuerpoAgua</itemName><imsContentType Sync="TRUE">002</imsContentType><itemLocation><linkage Sync="TRUE">file://\\ADMIN\D$\R.GISPython\GISMobile\GISMobile_EAB_CO\SHP\hdg_CuerpoAgua.shp</linkage><protocol Sync="TRUE">Local Area Network</protocol></itemLocation><itemSize Sync="TRUE">0.000</itemSize></itemProps><coordRef><type Sync="TRUE">Projected</type><geogcsn Sync="TRUE">GCS_MAGNA</geogcsn><csUnits Sync="TRUE">Linear Unit: Meter (1.000000)</csUnits><peXml Sync="TRUE">&lt;ProjectedCoordinateSystem xsi:type='typens:ProjectedCoordinateSystem' xmlns:xsi='http://www.w3.org/2001/XMLSchema-instance' xmlns:xs='http://www.w3.org/2001/XMLSchema' xmlns:typens='http://www.esri.com/schemas/ArcGIS/10.1'&gt;&lt;WKT&gt;PROJCS[&amp;quot;MAGNA_Colombia_Origen_Unico&amp;quot;,GEOGCS[&amp;quot;GCS_MAGNA&amp;quot;,DATUM[&amp;quot;D_MAGNA&amp;quot;,SPHEROID[&amp;quot;GRS_1980&amp;quot;,6378137.0,298.257222101]],PRIMEM[&amp;quot;Greenwich&amp;quot;,0.0],UNIT[&amp;quot;Degree&amp;quot;,0.0174532925199433]],PROJECTION[&amp;quot;Transverse_Mercator&amp;quot;],PARAMETER[&amp;quot;False_Easting&amp;quot;,5000000.0],PARAMETER[&amp;quot;False_Northing&amp;quot;,2000000.0],PARAMETER[&amp;quot;Central_Meridian&amp;quot;,-73.0],PARAMETER[&amp;quot;Scale_Factor&amp;quot;,0.9992],PARAMETER[&amp;quot;Latitude_Of_Origin&amp;quot;,4.0],UNIT[&amp;quot;Meter&amp;quot;,1.0]]&lt;/WKT&gt;&lt;XOrigin&gt;-618700&lt;/XOrigin&gt;&lt;YOrigin&gt;-8436100&lt;/YOrigin&gt;&lt;XYScale&gt;450623577.52990448&lt;/XYScale&gt;&lt;ZOrigin&gt;-100000&lt;/ZOrigin&gt;&lt;ZScale&gt;10000&lt;/ZScale&gt;&lt;MOrigin&gt;-100000&lt;/MOrigin&gt;&lt;MScale&gt;10000&lt;/MScale&gt;&lt;XYTolerance&gt;0.001&lt;/XYTolerance&gt;&lt;ZTolerance&gt;0.001&lt;/ZTolerance&gt;&lt;MTolerance&gt;0.001&lt;/MTolerance&gt;&lt;HighPrecision&gt;true&lt;/HighPrecision&gt;&lt;/ProjectedCoordinateSystem&gt;</peXml><projcsn Sync="TRUE">MAGNA_Colombia_Origen_Unico</projcsn></coordRef><lineage><Process ToolSource="c:\program files (x86)\arcgis\desktop10.6\ArcToolbox\Toolboxes\Conversion Tools.tbx\FeatureClassToFeatureClass" Date="20200530" Time="212049" Name="" export="">FeatureClassToFeatureClass C:\Users\arcgis\Documents\JUVENAL\SONDA\ACTIVIDADES\08052020_Actualizacio_Capas_Hidrografia\HIDROGRAFIA_BD\Hidrografia__Migracion_1.gdb\Hidrografia\hdg_CuerpoAgua "Database Connections\Negocio@SIGEEDI.sde\NEGOCIO.hdg_Hidrografia" hdg_CuerpoAgua # "NOMBRE "NOMBRE CUERPO DE AGUA" true true false 50 Text 0 0 ,First,#,C:\Users\arcgis\Documents\JUVENAL\SONDA\ACTIVIDADES\08052020_Actualizacio_Capas_Hidrografia\HIDROGRAFIA_BD\Hidrografia__Migracion_1.gdb\Hidrografia\hdg_CuerpoAgua,NOMBRE,-1,-1;SUBTIPO "TIPO DE CUERPO" true true false 4 Long 0 0 ,First,#,C:\Users\arcgis\Documents\JUVENAL\SONDA\ACTIVIDADES\08052020_Actualizacio_Capas_Hidrografia\HIDROGRAFIA_BD\Hidrografia__Migracion_1.gdb\Hidrografia\hdg_CuerpoAgua,SUBTIPO,-1,-1;SECTOR "SECTOR" true true false 15 Text 0 0 ,First,#,C:\Users\arcgis\Documents\JUVENAL\SONDA\ACTIVIDADES\08052020_Actualizacio_Capas_Hidrografia\HIDROGRAFIA_BD\Hidrografia__Migracion_1.gdb\Hidrografia\hdg_CuerpoAgua,SECTOR,-1,-1;CODCUE "CODCUE" true true false 4 Text 0 0 ,First,#,C:\Users\arcgis\Documents\JUVENAL\SONDA\ACTIVIDADES\08052020_Actualizacio_Capas_Hidrografia\HIDROGRAFIA_BD\Hidrografia__Migracion_1.gdb\Hidrografia\hdg_CuerpoAgua,CODCUE,-1,-1;CUENCA "CUENCA" true true false 50 Text 0 0 ,First,#,C:\Users\arcgis\Documents\JUVENAL\SONDA\ACTIVIDADES\08052020_Actualizacio_Capas_Hidrografia\HIDROGRAFIA_BD\Hidrografia__Migracion_1.gdb\Hidrografia\hdg_CuerpoAgua,CUENCA,-1,-1;CODSCUE "CODSCUE" true true false 6 Text 0 0 ,First,#,C:\Users\arcgis\Documents\JUVENAL\SONDA\ACTIVIDADES\08052020_Actualizacio_Capas_Hidrografia\HIDROGRAFIA_BD\Hidrografia__Migracion_1.gdb\Hidrografia\hdg_CuerpoAgua,CODSCUE,-1,-1;SUBCUENCA "SUBCUENCA" true true false 50 Text 0 0 ,First,#,C:\Users\arcgis\Documents\JUVENAL\SONDA\ACTIVIDADES\08052020_Actualizacio_Capas_Hidrografia\HIDROGRAFIA_BD\Hidrografia__Migracion_1.gdb\Hidrografia\hdg_CuerpoAgua,SUBCUENCA,-1,-1;CODMCUE "CODMCUE" true true false 8 Text 0 0 ,First,#,C:\Users\arcgis\Documents\JUVENAL\SONDA\ACTIVIDADES\08052020_Actualizacio_Capas_Hidrografia\HIDROGRAFIA_BD\Hidrografia__Migracion_1.gdb\Hidrografia\hdg_CuerpoAgua,CODMCUE,-1,-1;MICROCUENCA "MICROCUENCA" true true false 50 Text 0 0 ,First,#,C:\Users\arcgis\Documents\JUVENAL\SONDA\ACTIVIDADES\08052020_Actualizacio_Capas_Hidrografia\HIDROGRAFIA_BD\Hidrografia__Migracion_1.gdb\Hidrografia\hdg_CuerpoAgua,MICROCUENCA,-1,-1;VINCULO "VINCULO" true true false 255 Text 0 0 ,First,#,C:\Users\arcgis\Documents\JUVENAL\SONDA\ACTIVIDADES\08052020_Actualizacio_Capas_Hidrografia\HIDROGRAFIA_BD\Hidrografia__Migracion_1.gdb\Hidrografia\hdg_CuerpoAgua,VINCULO,-1,-1;AREA "AREA" true true false 8 Double 0 0 ,First,#,C:\Users\arcgis\Documents\JUVENAL\SONDA\ACTIVIDADES\08052020_Actualizacio_Capas_Hidrografia\HIDROGRAFIA_BD\Hidrografia__Migracion_1.gdb\Hidrografia\hdg_CuerpoAgua,AREA,-1,-1;VOLUMEN "VOLUMEN" true true false 8 Double 0 0 ,First,#,C:\Users\arcgis\Documents\JUVENAL\SONDA\ACTIVIDADES\08052020_Actualizacio_Capas_Hidrografia\HIDROGRAFIA_BD\Hidrografia__Migracion_1.gdb\Hidrografia\hdg_CuerpoAgua,VOLUMEN,-1,-1;OBSERVACION "OBSERVACION" true true false 255 Text 0 0 ,First,#,C:\Users\arcgis\Documents\JUVENAL\SONDA\ACTIVIDADES\08052020_Actualizacio_Capas_Hidrografia\HIDROGRAFIA_BD\Hidrografia__Migracion_1.gdb\Hidrografia\hdg_CuerpoAgua,OBSERVACION,-1,-1;IDTABINV "IDTABINV" true true false 8 Double 0 0 ,First,#,C:\Users\arcgis\Documents\JUVENAL\SONDA\ACTIVIDADES\08052020_Actualizacio_Capas_Hidrografia\HIDROGRAFIA_BD\Hidrografia__Migracion_1.gdb\Hidrografia\hdg_CuerpoAgua,IDTABINV,-1,-1;CODHIDRO "CODHIDRO" true true false 10 Text 0 0 ,First,#,C:\Users\arcgis\Documents\JUVENAL\SONDA\ACTIVIDADES\08052020_Actualizacio_Capas_Hidrografia\HIDROGRAFIA_BD\Hidrografia__Migracion_1.gdb\Hidrografia\hdg_CuerpoAgua,CODHIDRO,-1,-1;SHAPE_Length "SHAPE_Length" false true true 8 Double 0 0 ,First,#,C:\Users\arcgis\Documents\JUVENAL\SONDA\ACTIVIDADES\08052020_Actualizacio_Capas_Hidrografia\HIDROGRAFIA_BD\Hidrografia__Migracion_1.gdb\Hidrografia\hdg_CuerpoAgua,SHAPE_Length,-1,-1;SHAPE_Area "SHAPE_Area" false true true 8 Double 0 0 ,First,#,C:\Users\arcgis\Documents\JUVENAL\SONDA\ACTIVIDADES\08052020_Actualizacio_Capas_Hidrografia\HIDROGRAFIA_BD\Hidrografia__Migracion_1.gdb\Hidrografia\hdg_CuerpoAgua,SHAPE_Area,-1,-1" #</Process><Process ToolSource="c:\program files (x86)\arcgis\desktop10.7\ArcToolbox\Toolboxes\Data Management Tools.tbx\DeleteFeatures" Date="20210503" Time="110725" Name="" export="">DeleteFeatures "Database Connections\SDE@SIGEEDI.sde\NEGOCIO.hdg_Hidrografia\NEGOCIO.hdg_CuerpoAgua"</Process><Process ToolSource="c:\program files (x86)\arcgis\desktop10.8\ArcToolbox\Toolboxes\Data Management Tools.tbx\DeleteFeatures" Date="20210706" Time="160920" Name="" export="">DeleteFeatures "Database Connections\SDE@SIGEEDI.sde\NEGOCIO.hdg_Hidrografia\NEGOCIO.hdg_CuerpoAgua"</Process><Process ToolSource="c:\program files\arcgis\pro\Resources\ArcToolbox\toolboxes\Data Management Tools.tbx\CopyFeatures" Date="20230212" Time="165756" Name="" export="">CopyFeatures R:\EAB_AmazonasChingaza\SIG\temp\siguecons.gdb\hdg_CuerpoAgua R:\EAB_AmazonasChingaza\SIG\gdb\GDB.gdb\SIGUE\hdg_CuerpoAgua # # # #</Process><Process ToolSource="c:\program files\arcgis\pro\Resources\ArcToolbox\Toolboxes\Data Management Tools.tbx\DeleteField" Date="20230213" Time="103237" Name="" export="">DeleteField "SIGUE...\Cuerpos de agua EAB" NEGOCIO_hdg_CuerpoAgua_AREA "Delete Fields"</Process><Process ToolSource="c:\program files\arcgis\pro\Resources\ArcToolbox\Toolboxes\Data Management Tools.tbx\UpdateSchema" Date="20230213" Time="103424" Name="" export="">UpdateSchema "CIMDATA=&lt;CIMFeatureDatasetDataConnection xsi:type='typens:CIMFeatureDatasetDataConnection' xmlns:xsi='http://www.w3.org/2001/XMLSchema-instance' xmlns:xs='http://www.w3.org/2001/XMLSchema' xmlns:typens='http://www.esri.com/schemas/ArcGIS/3.0.0'&gt;&lt;FeatureDataset&gt;SIGUE&lt;/FeatureDataset&gt;&lt;WorkspaceConnectionString&gt;DATABASE=R:\EAB_AmazonasChingaza\SIG\gdb\GDB.gdb&lt;/WorkspaceConnectionString&gt;&lt;WorkspaceFactory&gt;FileGDB&lt;/WorkspaceFactory&gt;&lt;Dataset&gt;hdg_CuerpoAgua&lt;/Dataset&gt;&lt;DatasetType&gt;esriDTFeatureClass&lt;/DatasetType&gt;&lt;/CIMFeatureDatasetDataConnection&gt;" &lt;operationSequence&gt;&lt;workflow&gt;&lt;AddField&gt;&lt;field_name&gt;Field&lt;/field_name&gt;&lt;field_type&gt;LONG&lt;/field_type&gt;&lt;field_is_nullable&gt;True&lt;/field_is_nullable&gt;&lt;field_is_required&gt;False&lt;/field_is_required&gt;&lt;/AddField&gt;&lt;/workflow&gt;&lt;/operationSequence&gt;</Process><Process ToolSource="c:\program files\arcgis\pro\Resources\ArcToolbox\toolboxes\Data Management Tools.tbx\UpdateSchema" Date="20230303" Time="165853">UpdateSchema "CIMDATA=&lt;CIMFeatureDatasetDataConnection xsi:type='typens:CIMFeatureDatasetDataConnection' xmlns:xsi='http://www.w3.org/2001/XMLSchema-instance' xmlns:xs='http://www.w3.org/2001/XMLSchema' xmlns:typens='http://www.esri.com/schemas/ArcGIS/3.1.0'&gt;&lt;FeatureDataset&gt;SIGUE&lt;/FeatureDataset&gt;&lt;WorkspaceConnectionString&gt;DATABASE=R:\EAB_AmazonasChingaza\SIG\gdb\GDB.gdb&lt;/WorkspaceConnectionString&gt;&lt;WorkspaceFactory&gt;FileGDB&lt;/WorkspaceFactory&gt;&lt;Dataset&gt;hdg_CuerpoAgua&lt;/Dataset&gt;&lt;DatasetType&gt;esriDTFeatureClass&lt;/DatasetType&gt;&lt;/CIMFeatureDatasetDataConnection&gt;" &lt;operationSequence&gt;&lt;workflow&gt;&lt;DeleteField&gt;&lt;field_name&gt;Field&lt;/field_name&gt;&lt;/DeleteField&gt;&lt;/workflow&gt;&lt;workflow&gt;&lt;AddField&gt;&lt;field_name&gt;AGkm2&lt;/field_name&gt;&lt;field_type&gt;DOUBLE&lt;/field_type&gt;&lt;field_is_nullable&gt;True&lt;/field_is_nullable&gt;&lt;field_is_required&gt;False&lt;/field_is_required&gt;&lt;/AddField&gt;&lt;/workflow&gt;&lt;/operationSequence&gt;</Process><Process ToolSource="c:\program files\arcgis\pro\Resources\ArcToolbox\toolboxes\Data Management Tools.tbx\CalculateGeometryAttributes" Date="20230303" Time="165940">CalculateGeometryAttributes "EAB\Cuerpos de agua EAB" "AGkm2 AREA_GEODESIC" # "Square Kilometers" PROJCS["WGS_1984_Web_Mercator_Auxiliary_Sphere",GEOGCS["GCS_WGS_1984",DATUM["D_WGS_1984",SPHEROID["WGS_1984",6378137.0,298.257223563]],PRIMEM["Greenwich",0.0],UNIT["Degree",0.0174532925199433]],PROJECTION["Mercator_Auxiliary_Sphere"],PARAMETER["False_Easting",0.0],PARAMETER["False_Northing",0.0],PARAMETER["Central_Meridian",0.0],PARAMETER["Standard_Parallel_1",0.0],PARAMETER["Auxiliary_Sphere_Type",0.0],UNIT["Meter",1.0]] "Same as input"</Process><Process ToolSource="c:\program files (x86)\arcgis\desktop10.2\ArcToolbox\Toolboxes\Data Management Tools.tbx\CopyFeatures" Date="20230428" Time="091456">CopyFeatures R:\EAB_AmazonasChingaza\SIG\gdb\GDB.gdb\EAB\hdg_CuerpoAgua D:\R.GISPython\GISMobile\EAB_CO\GDB.gdb\EAB\hdg_CuerpoAgua # 0 0 0</Process><Process ToolSource="c:\program files (x86)\arcgis\desktop10.2\ArcToolbox\Toolboxes\Data Management Tools.tbx\CopyFeatures" Date="20230501" Time="061502">CopyFeatures D:\R.GISPython\GISMobile\GISMobile_EAB_CO\GDB.gdb\EAB\hdg_CuerpoAgua D:\R.GISPython\GISMobile\GISMobile_EAB_CO\SHP\hdg_CuerpoAgua.shp # 0 0 0</Process></lineage></DataProperties><SyncDate>20230501</SyncDate><SyncTime>06150200</SyncTime><ModDate>20230501</ModDate><ModTime>06150200</ModTime><scaleRange><minScale>150000000</minScale><maxScale>5000</maxScale></scaleRange><ArcGISProfile>ItemDescription</ArcGISProfile></Esri><dataIdInfo><envirDesc Sync="TRUE"> Version 6.2 (Build 9200) ; Esri ArcGIS 10.2.2.3552</envirDesc><dataLang><languageCode value="spa" Sync="TRUE"/><countryCode value="COL" Sync="TRUE"/></dataLang><idCitation><resTitle Sync="TRUE">hdg_CuerpoAgua</resTitle><presForm><PresFormCd value="005" Sync="TRUE"/></presForm></idCitation><spatRpType><SpatRepTypCd value="001" Sync="TRUE"/></spatRpType><idAbs>&lt;DIV STYLE="text-align:Left;"&gt;&lt;DIV&gt;&lt;P&gt;&lt;SPAN&gt;https://datosabiertos.bogota.gov.co/dataset/cuerpo-de-agua-bogota-d-c		&lt;/SPAN&gt;&lt;/P&gt;&lt;/DIV&gt;&lt;/DIV&gt;</idAbs><idCredit>Empresa de Acueducto y Alcantarillado de Bogotá</idCredit><searchKeys><keyword>Cuerpo de agua EAB. Área o extensión de agua sobre la tierra</keyword><keyword>de origen natural o artificial que debido a la escala de su visualización es representada a través de geometrías tipo polígono. Tiene como categorías; Río: Corriente natural de agua que fluye con continuidad</keyword><keyword>de tercer orden o superior</keyword><keyword>posee un caudal determinado y desemboca en el mar</keyword><keyword>en un lago o en otro río</keyword><keyword>en cuyo caso se denomina afluente. Los tramos de ríos que han sido revestidos y o rectificados</keyword><keyword>continúan considerándose ríos y no canales. Canal: Cauce artificial abierto cuya sección transversal tiene una forma generalmente constante</keyword><keyword>claramente diferenciado</keyword><keyword>que contiene agua en movimiento</keyword><keyword>de forma permanente o periódica. Laguna: Depósito de agua generalmente dulce. Humedal: Ecosistemas de gran valor natural y cultural</keyword><keyword>constituidos por un cuerpo de agua permanente o estacional de escasa profundidad</keyword><keyword>una franja a su alrededor que puede cubrirse por inundaciones periódicas (ronda hidráulica) y una franja de terreno no inundable</keyword><keyword>llamada zona de manejo y preservación ambiental. Embalse: Emplazamiento natural o artificial</keyword><keyword>usado para el almacenamiento la generación de energía eléctrica</keyword><keyword>regulación o control de recursos hídricos</keyword><keyword>abastecimiento de agua</keyword><keyword>riego o fines turísticos. Pantano: Capa de aguas estancadas y poco profundas en la cual crece una vegetación acuática a veces muy densa.Quebrada: Curso de agua de origen natural</keyword><keyword>de primer o segundo orden</keyword><keyword>con un caudal intermitente o permanente y un comportamiento generalmente torrencial. Las quebradas canalizadas continúan considerándose como quebradas.</keyword></searchKeys></dataIdInfo><mdLang><languageCode value="spa" Sync="TRUE"/><countryCode value="COL" Sync="TRUE"/></mdLang><distInfo><distFormat><formatName Sync="TRUE">Shapefile</formatName></distFormat><distTranOps><transSize Sync="TRUE">0.000</transSize></distTranOps></distInfo><mdHrLv><ScopeCd value="005" Sync="TRUE"/></mdHrLv><mdHrLvName Sync="TRUE">dataset</mdHrLvName><refSysInfo><RefSystem><refSysID><identCode code="0" Sync="TRUE"/><idCodeSpace Sync="TRUE">EPSG</idCodeSpace><idVersion Sync="TRUE">6.2(3.0.1)</idVersion></refSysID></RefSystem></refSysInfo><spatRepInfo><VectSpatRep><geometObjs Name="hdg_CuerpoAgua"><geoObjTyp><GeoObjTypCd value="002" Sync="TRUE"></GeoObjTypCd></geoObjTyp><geoObjCnt Sync="TRUE">0</geoObjCnt></geometObjs><topLvl><TopoLevCd value="001" Sync="TRUE"></TopoLevCd></topLvl></VectSpatRep></spatRepInfo><spdoinfo><ptvctinf><esriterm Name="hdg_CuerpoAgua"><efeatyp Sync="TRUE">Simple</efeatyp><efeageom code="4" Sync="TRUE"></efeageom><esritopo Sync="TRUE">FALSE</esritopo><efeacnt Sync="TRUE">0</efeacnt><spindex Sync="TRUE">FALSE</spindex><linrefer Sync="TRUE">FALSE</linrefer></esriterm></ptvctinf></spdoinfo><eainfo><detailed Name="hdg_CuerpoAgua"><enttyp><enttypl Sync="TRUE">hdg_CuerpoAgua</enttypl><enttypt Sync="TRUE">Feature Class</enttypt><enttypc Sync="TRUE">0</enttypc></enttyp><attr><attrlabl Sync="TRUE">FID</attrlabl><attalias Sync="TRUE">FID</attalias><attrtype Sync="TRUE">OID</attrtype><attwidth Sync="TRUE">4</attwidth><atprecis Sync="TRUE">0</atprecis><attscale Sync="TRUE">0</attscale><attrdef Sync="TRUE">Internal feature number.</attrdef><attrdefs Sync="TRUE">Esri</attrdefs><attrdomv><udom Sync="TRUE">Sequential unique whole numbers that are automatically generated.</udom></attrdomv></attr><attr><attrlabl Sync="TRUE">NOMBRE</attrlabl><attalias Sync="TRUE">NOMBRE</attalias><attrtype Sync="TRUE">String</attrtype><attwidth Sync="TRUE">50</attwidth><atprecis Sync="TRUE">0</atprecis><attscale Sync="TRUE">0</attscale></attr><attr><attrlabl Sync="TRUE">SUBTIPO</attrlabl><attalias Sync="TRUE">SUBTIPO</attalias><attrtype Sync="TRUE">Integer</attrtype><attwidth Sync="TRUE">9</attwidth><atprecis Sync="TRUE">9</atprecis><attscale Sync="TRUE">0</attscale></attr><attr><attrlabl Sync="TRUE">SECTOR</attrlabl><attalias Sync="TRUE">SECTOR</attalias><attrtype Sync="TRUE">String</attrtype><attwidth Sync="TRUE">15</attwidth><atprecis Sync="TRUE">0</atprecis><attscale Sync="TRUE">0</attscale></attr><attr><attrlabl Sync="TRUE">CODCUE</attrlabl><attalias Sync="TRUE">CODCUE</attalias><attrtype Sync="TRUE">String</attrtype><attwidth Sync="TRUE">4</attwidth><atprecis Sync="TRUE">0</atprecis><attscale Sync="TRUE">0</attscale></attr><attr><attrlabl Sync="TRUE">CUENCA</attrlabl><attalias Sync="TRUE">CUENCA</attalias><attrtype Sync="TRUE">String</attrtype><attwidth Sync="TRUE">50</attwidth><atprecis Sync="TRUE">0</atprecis><attscale Sync="TRUE">0</attscale></attr><attr><attrlabl Sync="TRUE">CODSCUE</attrlabl><attalias Sync="TRUE">CODSCUE</attalias><attrtype Sync="TRUE">String</attrtype><attwidth Sync="TRUE">6</attwidth><atprecis Sync="TRUE">0</atprecis><attscale Sync="TRUE">0</attscale></attr><attr><attrlabl Sync="TRUE">SUBCUENCA</attrlabl><attalias Sync="TRUE">SUBCUENCA</attalias><attrtype Sync="TRUE">String</attrtype><attwidth Sync="TRUE">50</attwidth><atprecis Sync="TRUE">0</atprecis><attscale Sync="TRUE">0</attscale></attr><attr><attrlabl Sync="TRUE">CODMCUE</attrlabl><attalias Sync="TRUE">CODMCUE</attalias><attrtype Sync="TRUE">String</attrtype><attwidth Sync="TRUE">8</attwidth><atprecis Sync="TRUE">0</atprecis><attscale Sync="TRUE">0</attscale></attr><attr><attrlabl Sync="TRUE">VINCULO</attrlabl><attalias Sync="TRUE">VINCULO</attalias><attrtype Sync="TRUE">String</attrtype><attwidth Sync="TRUE">254</attwidth><atprecis Sync="TRUE">0</atprecis><attscale Sync="TRUE">0</attscale></attr><attr><attrlabl Sync="TRUE">MICROCUENC</attrlabl><attalias Sync="TRUE">MICROCUENC</attalias><attrtype Sync="TRUE">String</attrtype><attwidth Sync="TRUE">50</attwidth><atprecis Sync="TRUE">0</atprecis><attscale Sync="TRUE">0</attscale></attr><attr><attrlabl Sync="TRUE">VOLUMEN</attrlabl><attalias Sync="TRUE">VOLUMEN</attalias><attrtype Sync="TRUE">Double</attrtype><attwidth Sync="TRUE">19</attwidth><atprecis Sync="TRUE">0</atprecis><attscale Sync="TRUE">0</attscale></attr><attr><attrlabl Sync="TRUE">IDTABINV</attrlabl><attalias Sync="TRUE">IDTABINV</attalias><attrtype Sync="TRUE">Double</attrtype><attwidth Sync="TRUE">19</attwidth><atprecis Sync="TRUE">0</atprecis><attscale Sync="TRUE">0</attscale></attr><attr><attrlabl Sync="TRUE">OBSERVACIO</attrlabl><attalias Sync="TRUE">OBSERVACIO</attalias><attrtype Sync="TRUE">String</attrtype><attwidth Sync="TRUE">254</attwidth><atprecis Sync="TRUE">0</atprecis><attscale Sync="TRUE">0</attscale></attr><attr><attrlabl Sync="TRUE">CODHIDRO</attrlabl><attalias Sync="TRUE">CODHIDRO</attalias><attrtype Sync="TRUE">String</attrtype><attwidth Sync="TRUE">10</attwidth><atprecis Sync="TRUE">0</atprecis><attscale Sync="TRUE">0</attscale></attr><attr><attrlabl Sync="TRUE">SHAPE</attrlabl><attalias Sync="TRUE">Shape</attalias><attrtype Sync="TRUE">Geometry</attrtype><attwidth Sync="TRUE">0</attwidth><atprecis Sync="TRUE">0</atprecis><attscale Sync="TRUE">0</attscale><attrdef Sync="TRUE">Feature geometry.</attrdef><attrdefs Sync="TRUE">Esri</attrdefs><attrdomv><udom Sync="TRUE">Coordinates defining the features.</udom></attrdomv></attr><attr><attrlabl Sync="TRUE">AGkm2</attrlabl><attalias Sync="TRUE">AGkm2</attalias><attrtype Sync="TRUE">Double</attrtype><attwidth Sync="TRUE">19</attwidth><atprecis Sync="TRUE">0</atprecis><attscale Sync="TRUE">0</attscale></attr><attr><attrlabl Sync="TRUE">SHAPE_Leng</attrlabl><attalias Sync="TRUE">SHAPE_Leng</attalias><attrtype Sync="TRUE">Double</attrtype><attwidth Sync="TRUE">19</attwidth><atprecis Sync="TRUE">0</atprecis><attscale Sync="TRUE">0</attscale></attr><attr><attrlabl Sync="TRUE">SHAPE_Area</attrlabl><attalias Sync="TRUE">SHAPE_Area</attalias><attrtype Sync="TRUE">Double</attrtype><attwidth Sync="TRUE">19</attwidth><atprecis Sync="TRUE">0</atprecis><attscale Sync="TRUE">0</attscale><attrdef Sync="TRUE">Area of feature in internal units squared.</attrdef><attrdefs Sync="TRUE">Esri</attrdefs><attrdomv><udom Sync="TRUE">Positive real numbers that are automatically generated.</udom></attrdomv></attr></detailed></eainfo><mdDateSt Sync="TRUE">20230501</mdDateSt></metadata>
