<metadata xml:lang="es"><Esri><CreaDate>20200508</CreaDate><CreaTime>11224700</CreaTime><ArcGISFormat>1.0</ArcGISFormat><SyncOnce>FALSE</SyncOnce><DataProperties><lineage><Process ToolSource="c:\program files (x86)\arcgis\desktop10.4\ArcToolbox\Toolboxes\Data Management Tools.tbx\CalculateField" Date="20191113" Time="141435" Name="" export="">CalculateField Cuenca CODCH "3506" VB #</Process><Process ToolSource="c:\program files (x86)\arcgis\desktop10.6\ArcToolbox\Toolboxes\Conversion Tools.tbx\FeatureClassToFeatureClass" Date="20200530" Time="211702" Name="" export="">FeatureClassToFeatureClass C:\Users\arcgis\Documents\JUVENAL\SONDA\ACTIVIDADES\08052020_Actualizacio_Capas_Hidrografia\HIDROGRAFIA_BD\Hidrografia__Migracion_1.gdb\Hidrografia\hdg_Cuenca "Database Connections\Negocio@SIGEEDI.sde\NEGOCIO.hdg_Hidrografia" hdg_Cuenca # "CODAH "CODAH" true false false 2 Short 0 0 ,First,#,C:\Users\arcgis\Documents\JUVENAL\SONDA\ACTIVIDADES\08052020_Actualizacio_Capas_Hidrografia\HIDROGRAFIA_BD\Hidrografia__Migracion_1.gdb\Hidrografia\hdg_Cuenca,CODAH,-1,-1;NOMBAH "AREA HIDRO" true false false 25 Text 0 0 ,First,#,C:\Users\arcgis\Documents\JUVENAL\SONDA\ACTIVIDADES\08052020_Actualizacio_Capas_Hidrografia\HIDROGRAFIA_BD\Hidrografia__Migracion_1.gdb\Hidrografia\hdg_Cuenca,NOMBAH,-1,-1;CODZH "CODZH" true false false 2 Short 0 0 ,First,#,C:\Users\arcgis\Documents\JUVENAL\SONDA\ACTIVIDADES\08052020_Actualizacio_Capas_Hidrografia\HIDROGRAFIA_BD\Hidrografia__Migracion_1.gdb\Hidrografia\hdg_Cuenca,CODZH,-1,-1;NOMBZH "ZONA HIDRO" true false false 25 Text 0 0 ,First,#,C:\Users\arcgis\Documents\JUVENAL\SONDA\ACTIVIDADES\08052020_Actualizacio_Capas_Hidrografia\HIDROGRAFIA_BD\Hidrografia__Migracion_1.gdb\Hidrografia\hdg_Cuenca,NOMBZH,-1,-1;CODSZH "CODSZH" true false false 2 Short 0 0 ,First,#,C:\Users\arcgis\Documents\JUVENAL\SONDA\ACTIVIDADES\08052020_Actualizacio_Capas_Hidrografia\HIDROGRAFIA_BD\Hidrografia__Migracion_1.gdb\Hidrografia\hdg_Cuenca,CODSZH,-1,-1;NOMBSZH "SUBZONA HIDRO" true false false 25 Text 0 0 ,First,#,C:\Users\arcgis\Documents\JUVENAL\SONDA\ACTIVIDADES\08052020_Actualizacio_Capas_Hidrografia\HIDROGRAFIA_BD\Hidrografia__Migracion_1.gdb\Hidrografia\hdg_Cuenca,NOMBSZH,-1,-1;CODCH "CODCH" true true false 2 Short 0 0 ,First,#,C:\Users\arcgis\Documents\JUVENAL\SONDA\ACTIVIDADES\08052020_Actualizacio_Capas_Hidrografia\HIDROGRAFIA_BD\Hidrografia__Migracion_1.gdb\Hidrografia\hdg_Cuenca,CODCH,-1,-1;NOMBCH "CUENCA HIDRO" true true false 25 Text 0 0 ,First,#,C:\Users\arcgis\Documents\JUVENAL\SONDA\ACTIVIDADES\08052020_Actualizacio_Capas_Hidrografia\HIDROGRAFIA_BD\Hidrografia__Migracion_1.gdb\Hidrografia\hdg_Cuenca,NOMBCH,-1,-1;SHAPE_Length "SHAPE_Length" false true true 8 Double 0 0 ,First,#,C:\Users\arcgis\Documents\JUVENAL\SONDA\ACTIVIDADES\08052020_Actualizacio_Capas_Hidrografia\HIDROGRAFIA_BD\Hidrografia__Migracion_1.gdb\Hidrografia\hdg_Cuenca,SHAPE_Length,-1,-1;SHAPE_Area "SHAPE_Area" false true true 8 Double 0 0 ,First,#,C:\Users\arcgis\Documents\JUVENAL\SONDA\ACTIVIDADES\08052020_Actualizacio_Capas_Hidrografia\HIDROGRAFIA_BD\Hidrografia__Migracion_1.gdb\Hidrografia\hdg_Cuenca,SHAPE_Area,-1,-1" #</Process><Process ToolSource="c:\program files\arcgis\pro\Resources\ArcToolbox\toolboxes\Data Management Tools.tbx\CopyFeatures" Date="20230212" Time="165744" Name="" export="">CopyFeatures R:\EAB_AmazonasChingaza\SIG\temp\siguecons.gdb\hdg_Cuenca R:\EAB_AmazonasChingaza\SIG\gdb\GDB.gdb\SIGUE\hdg_Cuenca # # # #</Process><Process ToolSource="c:\program files\arcgis\pro\Resources\ArcToolbox\Toolboxes\Data Management Tools.tbx\UpdateSchema" Date="20230213" Time="103451" Name="" export="">UpdateSchema "CIMDATA=&lt;CIMFeatureDatasetDataConnection xsi:type='typens:CIMFeatureDatasetDataConnection' xmlns:xsi='http://www.w3.org/2001/XMLSchema-instance' xmlns:xs='http://www.w3.org/2001/XMLSchema' xmlns:typens='http://www.esri.com/schemas/ArcGIS/3.0.0'&gt;&lt;FeatureDataset&gt;SIGUE&lt;/FeatureDataset&gt;&lt;WorkspaceConnectionString&gt;DATABASE=R:\EAB_AmazonasChingaza\SIG\gdb\GDB.gdb&lt;/WorkspaceConnectionString&gt;&lt;WorkspaceFactory&gt;FileGDB&lt;/WorkspaceFactory&gt;&lt;Dataset&gt;hdg_Cuenca&lt;/Dataset&gt;&lt;DatasetType&gt;esriDTFeatureClass&lt;/DatasetType&gt;&lt;/CIMFeatureDatasetDataConnection&gt;" &lt;operationSequence&gt;&lt;workflow&gt;&lt;AddField&gt;&lt;field_name&gt;AGkm2&lt;/field_name&gt;&lt;field_type&gt;DOUBLE&lt;/field_type&gt;&lt;field_is_nullable&gt;True&lt;/field_is_nullable&gt;&lt;field_is_required&gt;False&lt;/field_is_required&gt;&lt;/AddField&gt;&lt;/workflow&gt;&lt;/operationSequence&gt;</Process><Process ToolSource="c:\program files\arcgis\pro\Resources\ArcToolbox\toolboxes\Data Management Tools.tbx\CalculateGeometryAttributes" Date="20230213" Time="103518" Name="" export="">CalculateGeometryAttributes "SIGUE...\Cuenca hidrográfica EAB" "AGkm2 AREA_GEODESIC" # "Square Kilometers" PROJCS["WGS_1984_Web_Mercator_Auxiliary_Sphere",GEOGCS["GCS_WGS_1984",DATUM["D_WGS_1984",SPHEROID["WGS_1984",6378137.0,298.257223563]],PRIMEM["Greenwich",0.0],UNIT["Degree",0.0174532925199433]],PROJECTION["Mercator_Auxiliary_Sphere"],PARAMETER["False_Easting",0.0],PARAMETER["False_Northing",0.0],PARAMETER["Central_Meridian",0.0],PARAMETER["Standard_Parallel_1",0.0],PARAMETER["Auxiliary_Sphere_Type",0.0],UNIT["Meter",1.0]] "Same as input"</Process><Process ToolSource="c:\program files (x86)\arcgis\desktop10.2\ArcToolbox\Toolboxes\Data Management Tools.tbx\CopyFeatures" Date="20230428" Time="091459">CopyFeatures R:\EAB_AmazonasChingaza\SIG\gdb\GDB.gdb\EAB\hdg_Cuenca D:\R.GISPython\GISMobile\EAB_CO\GDB.gdb\EAB\hdg_Cuenca # 0 0 0</Process><Process ToolSource="c:\program files (x86)\arcgis\desktop10.2\ArcToolbox\Toolboxes\Data Management Tools.tbx\CopyFeatures" Date="20230501" Time="061503">CopyFeatures D:\R.GISPython\GISMobile\GISMobile_EAB_CO\GDB.gdb\EAB\hdg_Cuenca D:\R.GISPython\GISMobile\GISMobile_EAB_CO\SHP\hdg_Cuenca.shp # 0 0 0</Process></lineage><itemProps><itemLocation><linkage Sync="TRUE">file://\\ADMIN\D$\R.GISPython\GISMobile\GISMobile_EAB_CO\SHP\hdg_Cuenca.shp</linkage><protocol Sync="TRUE">Local Area Network</protocol></itemLocation><itemName Sync="TRUE">hdg_Cuenca</itemName><imsContentType Sync="TRUE">002</imsContentType><itemSize Sync="TRUE">0.000</itemSize></itemProps><coordRef><type Sync="TRUE">Projected</type><geogcsn Sync="TRUE">GCS_MAGNA</geogcsn><csUnits Sync="TRUE">Linear Unit: Meter (1.000000)</csUnits><peXml Sync="TRUE">&lt;ProjectedCoordinateSystem xsi:type='typens:ProjectedCoordinateSystem' xmlns:xsi='http://www.w3.org/2001/XMLSchema-instance' xmlns:xs='http://www.w3.org/2001/XMLSchema' xmlns:typens='http://www.esri.com/schemas/ArcGIS/10.1'&gt;&lt;WKT&gt;PROJCS[&amp;quot;MAGNA_Colombia_Origen_Unico&amp;quot;,GEOGCS[&amp;quot;GCS_MAGNA&amp;quot;,DATUM[&amp;quot;D_MAGNA&amp;quot;,SPHEROID[&amp;quot;GRS_1980&amp;quot;,6378137.0,298.257222101]],PRIMEM[&amp;quot;Greenwich&amp;quot;,0.0],UNIT[&amp;quot;Degree&amp;quot;,0.0174532925199433]],PROJECTION[&amp;quot;Transverse_Mercator&amp;quot;],PARAMETER[&amp;quot;False_Easting&amp;quot;,5000000.0],PARAMETER[&amp;quot;False_Northing&amp;quot;,2000000.0],PARAMETER[&amp;quot;Central_Meridian&amp;quot;,-73.0],PARAMETER[&amp;quot;Scale_Factor&amp;quot;,0.9992],PARAMETER[&amp;quot;Latitude_Of_Origin&amp;quot;,4.0],UNIT[&amp;quot;Meter&amp;quot;,1.0]]&lt;/WKT&gt;&lt;XOrigin&gt;-618700&lt;/XOrigin&gt;&lt;YOrigin&gt;-8436100&lt;/YOrigin&gt;&lt;XYScale&gt;450623577.52990448&lt;/XYScale&gt;&lt;ZOrigin&gt;-100000&lt;/ZOrigin&gt;&lt;ZScale&gt;10000&lt;/ZScale&gt;&lt;MOrigin&gt;-100000&lt;/MOrigin&gt;&lt;MScale&gt;10000&lt;/MScale&gt;&lt;XYTolerance&gt;0.001&lt;/XYTolerance&gt;&lt;ZTolerance&gt;0.001&lt;/ZTolerance&gt;&lt;MTolerance&gt;0.001&lt;/MTolerance&gt;&lt;HighPrecision&gt;true&lt;/HighPrecision&gt;&lt;/ProjectedCoordinateSystem&gt;</peXml><projcsn Sync="TRUE">MAGNA_Colombia_Origen_Unico</projcsn></coordRef></DataProperties><SyncDate>20230501</SyncDate><SyncTime>06150300</SyncTime><ModDate>20230501</ModDate><ModTime>06150300</ModTime><scaleRange><minScale>150000000</minScale><maxScale>5000</maxScale></scaleRange><ArcGISProfile>ItemDescription</ArcGISProfile></Esri><dataIdInfo><envirDesc Sync="TRUE"> Version 6.2 (Build 9200) ; Esri ArcGIS 10.2.2.3552</envirDesc><dataLang><languageCode value="spa" Sync="TRUE"/><countryCode value="COL" Sync="TRUE"/></dataLang><idCitation><resTitle Sync="TRUE">hdg_Cuenca</resTitle><presForm><PresFormCd value="005" Sync="TRUE"/></presForm></idCitation><spatRpType><SpatRepTypCd value="001" Sync="TRUE"/></spatRpType><idPurp>Subcuencas EAB. Cuenca de área menor que simplemente comprende una subparte dentro de la jerarquía de cuencas mayores - Nivel II (Adaptado de: IDEAM, zonificación y codificación de unidades hidrográficas e hidrogeológicas de Colombia, Bogotá, D. C., Colombia).</idPurp><idAbs>&lt;DIV STYLE="text-align:Left;"&gt;&lt;DIV&gt;&lt;P&gt;&lt;SPAN&gt;https://datosabiertos.bogota.gov.co/dataset/subcuenca-bogota-d-c	&lt;/SPAN&gt;&lt;/P&gt;&lt;/DIV&gt;&lt;/DIV&gt;</idAbs><idCredit>Empresa de Acueducto y Alcantarillado de Bogotá</idCredit></dataIdInfo><mdLang><languageCode value="spa" Sync="TRUE"/><countryCode value="COL" Sync="TRUE"/></mdLang><distInfo><distFormat><formatName Sync="TRUE">Shapefile</formatName></distFormat><distTranOps><transSize Sync="TRUE">0.000</transSize></distTranOps></distInfo><mdHrLv><ScopeCd value="005" Sync="TRUE"/></mdHrLv><mdHrLvName Sync="TRUE">dataset</mdHrLvName><refSysInfo><RefSystem><refSysID><identCode code="0" Sync="TRUE"/><idCodeSpace Sync="TRUE">EPSG</idCodeSpace><idVersion Sync="TRUE">6.2(3.0.1)</idVersion></refSysID></RefSystem></refSysInfo><spatRepInfo><VectSpatRep><geometObjs Name="hdg_Cuenca"><geoObjTyp><GeoObjTypCd value="002" Sync="TRUE"></GeoObjTypCd></geoObjTyp><geoObjCnt Sync="TRUE">0</geoObjCnt></geometObjs><topLvl><TopoLevCd value="001" Sync="TRUE"></TopoLevCd></topLvl></VectSpatRep></spatRepInfo><spdoinfo><ptvctinf><esriterm Name="hdg_Cuenca"><efeatyp Sync="TRUE">Simple</efeatyp><efeageom code="4" Sync="TRUE"></efeageom><esritopo Sync="TRUE">FALSE</esritopo><efeacnt Sync="TRUE">0</efeacnt><spindex Sync="TRUE">FALSE</spindex><linrefer Sync="TRUE">FALSE</linrefer></esriterm></ptvctinf></spdoinfo><eainfo><detailed Name="hdg_Cuenca"><enttyp><enttypl Sync="TRUE">hdg_Cuenca</enttypl><enttypt Sync="TRUE">Feature Class</enttypt><enttypc Sync="TRUE">0</enttypc></enttyp><attr><attrlabl Sync="TRUE">FID</attrlabl><attalias Sync="TRUE">FID</attalias><attrtype Sync="TRUE">OID</attrtype><attwidth Sync="TRUE">4</attwidth><atprecis Sync="TRUE">0</atprecis><attscale Sync="TRUE">0</attscale><attrdef Sync="TRUE">Internal feature number.</attrdef><attrdefs Sync="TRUE">Esri</attrdefs><attrdomv><udom Sync="TRUE">Sequential unique whole numbers that are automatically generated.</udom></attrdomv></attr><attr><attrlabl Sync="TRUE">CODAH</attrlabl><attalias Sync="TRUE">CODAH</attalias><attrtype Sync="TRUE">SmallInteger</attrtype><attwidth Sync="TRUE">4</attwidth><atprecis Sync="TRUE">4</atprecis><attscale Sync="TRUE">0</attscale></attr><attr><attrlabl Sync="TRUE">NOMBAH</attrlabl><attalias Sync="TRUE">NOMBAH</attalias><attrtype Sync="TRUE">String</attrtype><attwidth Sync="TRUE">25</attwidth><atprecis Sync="TRUE">0</atprecis><attscale Sync="TRUE">0</attscale></attr><attr><attrlabl Sync="TRUE">CODZH</attrlabl><attalias Sync="TRUE">CODZH</attalias><attrtype Sync="TRUE">SmallInteger</attrtype><attwidth Sync="TRUE">4</attwidth><atprecis Sync="TRUE">4</atprecis><attscale Sync="TRUE">0</attscale></attr><attr><attrlabl Sync="TRUE">NOMBZH</attrlabl><attalias Sync="TRUE">NOMBZH</attalias><attrtype Sync="TRUE">String</attrtype><attwidth Sync="TRUE">25</attwidth><atprecis Sync="TRUE">0</atprecis><attscale Sync="TRUE">0</attscale></attr><attr><attrlabl Sync="TRUE">CODSZH</attrlabl><attalias Sync="TRUE">CODSZH</attalias><attrtype Sync="TRUE">SmallInteger</attrtype><attwidth Sync="TRUE">4</attwidth><atprecis Sync="TRUE">4</atprecis><attscale Sync="TRUE">0</attscale></attr><attr><attrlabl Sync="TRUE">NOMBSZH</attrlabl><attalias Sync="TRUE">NOMBSZH</attalias><attrtype Sync="TRUE">String</attrtype><attwidth Sync="TRUE">25</attwidth><atprecis Sync="TRUE">0</atprecis><attscale Sync="TRUE">0</attscale></attr><attr><attrlabl Sync="TRUE">CODCH</attrlabl><attalias Sync="TRUE">CODCH</attalias><attrtype Sync="TRUE">SmallInteger</attrtype><attwidth Sync="TRUE">4</attwidth><atprecis Sync="TRUE">4</atprecis><attscale Sync="TRUE">0</attscale></attr><attr><attrlabl Sync="TRUE">NOMBCH</attrlabl><attalias Sync="TRUE">NOMBCH</attalias><attrtype Sync="TRUE">String</attrtype><attwidth Sync="TRUE">25</attwidth><atprecis Sync="TRUE">0</atprecis><attscale Sync="TRUE">0</attscale></attr><attr><attrlabl Sync="TRUE">SHAPE</attrlabl><attalias Sync="TRUE">Shape</attalias><attrtype Sync="TRUE">Geometry</attrtype><attwidth Sync="TRUE">0</attwidth><atprecis Sync="TRUE">0</atprecis><attscale Sync="TRUE">0</attscale><attrdef Sync="TRUE">Feature geometry.</attrdef><attrdefs Sync="TRUE">Esri</attrdefs><attrdomv><udom Sync="TRUE">Coordinates defining the features.</udom></attrdomv></attr><attr><attrlabl Sync="TRUE">AGkm2</attrlabl><attalias Sync="TRUE">AGkm2</attalias><attrtype Sync="TRUE">Double</attrtype><attwidth Sync="TRUE">19</attwidth><atprecis Sync="TRUE">0</atprecis><attscale Sync="TRUE">0</attscale></attr><attr><attrlabl Sync="TRUE">SHAPE_Leng</attrlabl><attalias Sync="TRUE">SHAPE_Leng</attalias><attrtype Sync="TRUE">Double</attrtype><attwidth Sync="TRUE">19</attwidth><atprecis Sync="TRUE">0</atprecis><attscale Sync="TRUE">0</attscale></attr><attr><attrlabl Sync="TRUE">SHAPE_Area</attrlabl><attalias Sync="TRUE">SHAPE_Area</attalias><attrtype Sync="TRUE">Double</attrtype><attwidth Sync="TRUE">19</attwidth><atprecis Sync="TRUE">0</atprecis><attscale Sync="TRUE">0</attscale><attrdef Sync="TRUE">Area of feature in internal units squared.</attrdef><attrdefs Sync="TRUE">Esri</attrdefs><attrdomv><udom Sync="TRUE">Positive real numbers that are automatically generated.</udom></attrdomv></attr></detailed></eainfo><mdDateSt Sync="TRUE">20230501</mdDateSt></metadata>
